x,y,population,cluster
659.1393388,137.4519234,41749,0
653.2227316,219.5583822,105160,0
627.7566034,161.3420661,74742,0
594.4673429,181.4220411,20866,0
642.1814707,252.8252449,135394,0
666.3717441,132.3583828,24029,0
630.4366538,233.6059419,50486,0
575.8669546,212.1388543,17534,0
591.3274455,167.6025325,21676,0
622.6770366,187.1805314,18021,0
551.9704008,175.4589394,11211,0
616.1680472,182.1367065,29773,0
659.0736039,192.7318181,389891,0
603.8642287,257.3630265,7139,0
595.1222756,160.0413686,7469,0
640.135383,183.5915193,56833,0
628.1778176,195.2698653,23687,0
617.3503626,246.9461543,7331,0
583.677952,164.2039566,46183,0
612.3417869,216.82841,20638,0
620.6224124,133.3311957,14159,0
632.9034719,172.6327469,20875,0
649.63051,119.1631865,11817,0
670.0801594,235.8944149,113440,0
557.0645557,166.421779,32727,0
653.7628925,160.4876293,176695,0
603.0881871,235.6841502,21704,0
557.6949734,161.1606816,15226,0
572.8149106,129.2183293,16239,0
549.863032,168.922913,25893,0
658.6198032,242.8944777,38950,0
622.2886415,255.2695432,32612,0
621.4901189,227.6668516,165223,0
665.3129596,248.2354362,14081,0
599.4710743,165.2113473,13587,0
556.5885299,257.1192197,2171,0
640.259029,193.059887,488072,0
583.3164314,181.835117,39163,0
562.51804,147.3391702,124700,0
663.6777502,175.8667294,115507,0
648.5591553,147.2686299,4232,0
665.171295,166.3628779,81442,0
569.0952565,174.0958268,19136,0
561.1075936,135.0704221,38451,0
587.5384746,156.9239671,41019,0
644.4378299,223.6559194,36031,0
645.2837648,236.3821514,6006,0
559.5520175,251.0849672,5131,0
614.0317195,190.5903213,16644,0
608.4197823,138.7976665,14755,0
565.2629015,141.1983836,88499,0
545.1431722,148.2274197,42239,0
630.7305178,254.004517,37069,0
606.3155987,114.3017239,15014,0
580.0817072,149.8623504,238136,0
613.2980786,231.8294214,42683,0
652.3387251,127.2690851,4423,0
599.3622219,200.1018223,20880,0
654.4969145,252.2508829,169564,0
611.2430651,237.7999737,11387,0
567.5497294,250.8725246,8457,0
576.5166852,151.2192775,508639,0
658.5240907,168.0458427,48971,0
583.6275297,211.6557404,12453,0
587.0782959,149.9803273,84345,0
642.6533885,141.7296253,19977,0
637.6381542,202.3199158,36842,0
584.5102141,90.88645836,200226,0
660.4830333,122.9882108,26168,0
654.4820251,176.127523,101633,0
573.3000138,182.1023657,31233,0
563.2542975,182.3485553,14553,0
665.6536376,208.5780002,703451,0
671.7264585,244.9260028,29718,0
633.5897962,123.9493271,21430,0
600.0254941,174.2747296,51461,0
587.7787177,131.0236723,15457,0
606.3743252,148.3243009,62415,0
606.6742045,156.2664964,98736,0
570.8017383,228.6680954,430640,0
655.6942691,201.2020857,102228,0
618.5464983,173.7660356,44673,0
541.1480341,165.5027537,16059,0
565.2310951,155.4699311,91042,0
619.3874589,144.4831575,20689,0
664.9796478,219.6664859,916924,0
575.3848036,204.0088394,10680,0
599.8625239,209.2421089,20958,0
596.8966509,264.1094077,4131,0
596.7598563,227.722352,16355,0
599.7070362,249.5000138,7570,0
559.4558345,244.2429062,12534,0
567.3211511,130.0233741,26097,0
655.8171222,145.9658692,37660,0
659.5992227,184.4900536,131887,0
632.3855531,216.7286739,15387,0
606.8059965,189.8424386,14330,0
636.2670074,160.3419165,70019,0
580.0718605,270.8562224,12761,0
557.5703956,156.1344665,36648,0
631.3347395,140.6301595,28743,0
551.4876905,244.3406419,4029,0
647.1193889,84.89995495,2156,0
581.1441162,173.715284,20087,0
575.1713731,195.862455,44150,0
627.3676093,173.6604459,26664,0
596.3142654,151.6280384,43857,0
628.6921555,203.2943734,16836,0
630.2162509,185.016018,61976,0
641.3843239,168.4756831,24496,0
534.1341055,145.226096,9783,0
646.4919976,131.4017172,9304,0
645.722085,209.8524928,295265,0
553.1338015,182.5284428,20840,0
583.1703732,196.1197754,16303,0
574.9789228,188.9653001,7598,0
591.1490321,195.8283972,12439,0
589.851188,256.4155702,4431,0
637.1388487,209.9694057,47711,0
591.8360203,209.5884484,131090,0
660.326755,233.2339327,50063,0
594.5633514,116.8733376,44159,0
612.8820104,244.9499152,40325,0
651.4257481,168.7750888,166994,0
583.6054202,250.2871702,12887,0
621.8917395,215.0869167,19848,0
591.6191588,249.8913609,8753,0
614.9099867,120.097685,16157,0
608.4101253,251.8886047,35858,0
616.0897218,82.02528137,5176,0
651.5146908,209.6034544,54165,0
631.3239436,151.0614035,134063,0
643.6090525,216.707437,53497,0
588.7598545,263.0466401,25607,0
612.7386449,224.9670086,18499,0
579.7600327,262.8734158,6714,0
664.3179975,183.9054643,86395,0
587.1083776,236.30973,22381,0
664.2614845,202.6457752,166426,0
579.1566664,236.5875881,33303,0
651.2825885,107.5960843,8860,0
572.3744941,220.3666666,89542,0
530.8170731,158.5476178,10438,0
599.4181143,242.9250964,16843,0
606.2062158,243.776502,20145,0
581.1980061,256.6751613,4979,0
556.7279632,127.822083,33198,0
577.5635675,158.5550956,398552,0
595.1244437,235.9723689,10511,0
618.7922465,199.2994613,51208,0
604.4407692,264.6241531,10211,0
663.2322662,112.8765123,67077,0
648.2791504,152.1051003,41949,0
667.7364031,156.8998509,20574,0
590.8932404,188.9141198,9566,0
589.0004643,173.7785721,144243,0
671.5999228,146.5068787,27785,0
637.6838226,246.8572533,186493,0
526.0554978,151.8993148,7259,0
608.2990741,200.3283945,18129,0
596.506197,140.3576382,45870,0
591.4016429,202.4856566,24276,0
633.6330785,224.2718822,58498,0
559.8208855,117.2212464,62500,0
636.4888827,239.774823,5994,0
575.5825284,250.6033796,6403,0
651.5616996,184.0383346,88757,0
647.2779295,245.9957438,38664,0
570.1315975,151.403325,1152425,0
535.7374296,151.5259495,12439,0
573.7643086,166.1128928,64142,0
575.3888856,243.8286015,8898,0
634.2856041,132.0357463,35998,0
651.1132083,193.3040758,83686,0
616.7111123,208.6406528,93653,0
646.6922646,201.8178375,160331,0
598.9457923,190.1201933,21056,0
588.7344632,228.0240232,18914,0
573.9424842,145.1183144,330844,0
531.4518387,165.491101,25857,0
636.2710528,109.4640398,6780,0
551.1633996,139.0010498,150638,0
596.3813084,218.5234158,26076,0
659.6213383,226.1500644,114736,0
645.5734889,104.0980845,36628,0
623.0599735,231.1125985,147546,0
668.9789758,219.4002572,5194651,0
667.9411838,229.1069059,677557,0
641.0005391,232.0496655,34978,0
560.8688633,173.7425052,64013,0
645.7575792,159.5974669,52410,0
617.810957,155.4591529,34690,0
572.5976218,273.2346402,15195,0
546.3130945,158.0567382,15730,0
663.401528,198.9129605,195408,0
659.0190929,218.0260309,515267,0
571.5463149,258.1399831,3785,0
586.3503119,139.8391677,44205,0
583.4178325,203.7836831,14867,0
621.6036179,119.7994799,5916,0
627.2896929,210.0613352,22678,0
552.9911624,148.9687161,23300,0
524.3490436,165.5235732,5896,0
620.1391468,237.7971751,16434,0
583.3826356,243.5781441,7970,0
645.1480417,175.5239257,19051,0
582.189479,113.9813189,35386,0
604.4750696,181.0702295,19027,0
581.2103954,125.1805399,29750,0
664.8550006,192.4841413,947735,0
605.1302263,227.9880256,130881,0
607.8558322,129.2817509,16557,0
570.3607868,114.2556222,16202,0
597.0889912,129.4577369,15911,0
566.3732026,166.1192357,27703,0
580.3759322,220.142178,40648,0
606.040382,166.2904835,28816,0
652.0622135,233.3336795,113924,0
569.3223018,159.7002089,129928,0
600.3301187,88.81639823,10866,0
615.1621069,165.3028172,20449,0
639.2558532,175.4861032,15404,0
551.6086704,251.1571257,6317,0
573.1213358,138.1651622,37816,0
596.5228216,256.6118798,4843,0
657.8406042,209.0925194,308760,0
629.7679849,243.7107841,52919,0
622.8844797,246.0374408,17707,0
564.1246475,259.893351,8957,0
579.750778,228.336865,36842,0
588.3476144,218.8433741,17767,0
644.391462,240.4233874,12640,0
604.3841709,218.1929195,211226,0
571.8147256,265.3568307,10261,0
661.2954429,158.4368593,248007,0
630.9226793,115.7125658,16427,0
582.944255,189.2038464,10776,0
579.0643671,138.9834648,53887,0
567.4226159,244.0559326,9286,0
622.7754192,221.3569371,49072,0
613.6740667,257.0514798,19104,0
610.2358489,175.1710467,114638,0
607.9035365,208.8613636,17764,0
571.1260771,236.8724874,46225,0
563.2682032,237.0229706,15679,0
591.3892452,243.2761031,35625,0
556.8664231,263.403261,6738,0
575.1201,173.9291295,36576,0
555.438905,107.4519248,28567,1
559.8398845,211.4646311,38013,1
535.5257095,244.388567,15059,1
567.8222472,212.3118737,15673,1
396.5626627,59.93864439,3384,1
495.6551064,106.593988,11066,1
515.6500445,147.8409544,7356,1
492.8283125,182.2890093,19504,1
481.3636054,200.1504978,2099,1
460.3790224,222.3887063,478,1
387.1867288,91.75560355,8966,1
397.1225516,99.9056722,1017,1
443.5975977,110.1381753,27471,1
493.093985,228.2527375,5505,1
441.3213894,229.560085,539,1
404.4291306,177.6193098,8216,1
529.2622441,220.4831718,9243,1
514.1877122,209.7899681,6000,1
508.8977428,248.03987,16750,1
468.7697868,263.3675454,3423,1
378.2680012,230.9349574,91738,1
502.1293897,117.8232513,5457,1
449.5791264,281.9364495,2556,1
440.0205475,253.9347452,967,1
469.4635015,272.5757916,5642,1
515.5390953,182.6509125,169468,1
462.1566464,246.9458476,24326,1
520.8384334,133.8904142,3558,1
535.2133029,204.6045925,12072,1
375.4629384,114.2374276,11699,1
407.4944055,200.4190121,9182,1
498.8254234,182.4181307,3331,1
463.6217453,149.0579888,2329,1
514.1603978,137.6199556,10149,1
430.6986828,237.7340692,8368,1
478.9917601,161.6296681,3431,1
551.2954208,204.487161,7310,1
524.1550259,259.3818963,5217,1
385.562992,213.4638941,13249,1
539.4345694,220.8928298,17096,1
401.8217566,187.8210135,7094,1
423.8814429,93.06959498,3536,1
423.0917541,136.8629111,2982,1
484.939218,172.9614173,2071,1
476.7301004,263.639871,3225,1
515.6815834,166.4541483,31965,1
527.0658845,242.5648821,158840,1
537.8714485,138.2021592,10995,1
465.3622298,176.63021,3755,1
516.7029405,192.0035547,44828,1
385.5868662,172.3991269,7208,1
476.4200704,133.1535613,2459,1
535.1499943,189.6016702,6462,1
509.960747,231.6440032,10515,1
493.92292,174.1790092,2355,1
444.5632682,133.2452925,4050,1
547.4242322,237.316803,13956,1
537.6615475,130.1394116,36009,1
551.189295,196.3704197,9421,1
428.9691692,74.82117114,7673,1
502.5247588,143.0801605,5710,1
543.2614827,204.5496158,20260,1
559.293248,203.3718489,9815,1
505.848114,182.5477895,5618,1
477.2750861,231.0815384,4260,1
551.9209936,212.5171732,9670,1
462.1624205,165.0183268,17022,1
473.1308891,125.0207861,2809,1
388.5639112,69.35488276,10425,1
463.4531478,188.6487352,5644,1
485.8434752,181.1140914,2710,1
445.2396346,124.266214,4153,1
373.9572139,82.72944887,1731,1
484.3728874,192.505346,9129,1
482.9819447,88.21550862,2385,1
451.3120121,230.1015837,763,1
477.3346443,222.9874458,2049,1
443.5314542,100.3202435,1846,1
484.7123593,263.8675853,3812,1
527.8928268,212.5653253,102172,1
556.3689417,220.7199612,9336,1
385.4950312,190.7470843,2484,1
537.0174531,212.5913991,7089,1
533.5505195,119.2142891,57303,1
490.174765,152.8114483,6415,1
404.4932842,246.920852,22709,1
462.2966632,132.4700138,1466,1
543.1885633,196.4499497,16666,1
417.9350782,244.3621909,2379,1
443.6569256,89.14531865,8962,1
459.5337982,282.3854943,2597,1
551.0853153,189.4658023,10302,1
508.6619539,264.3402212,7547,1
477.3692445,180.7962784,5255,1
559.1100024,193.3998289,15543,1
492.7008561,264.0609758,4500,1
488.0000479,117.4902134,4139,1
407.8973584,223.9522888,5042,1
563.5727729,75.80786899,13306,1
493.7321311,247.3156259,9124,1
427.2082253,270.5235165,2726,1
496.3849261,206.3580338,8701,1
396.6342582,205.1116784,1311,1
508.2621354,223.6066481,6129,1
425.4060867,290.7952588,1485,1
517.6642261,232.0071314,36691,1
440.7200082,72.86107092,61675,1
451.5951879,163.9343783,2966,1
488.2790512,125.5274739,5289,1
548.399266,220.8332007,20816,1
535.8920855,251.0970872,7441,1
519.6701557,212.9178625,21006,1
494.3009084,83.65987862,3126,1
493.2900373,240.3011791,7845,1
546.630932,126.9307015,24895,1
462.8574048,140.3919434,5438,1
564.3600682,220.5534949,26306,1
457.3547354,104.0605518,81308,1
504.0401765,166.3164013,5148,1
414.5111633,170.4918157,100948,1
426.8063743,280.6863873,6010,1
361.1909324,219.9600167,36295,1
501.8889808,73.62349033,11119,1
516.7821634,250.1880233,285394,1
492.80916,255.9132885,6542,1
477.0905027,239.2075509,3152,1
459.6017509,272.2019719,5671,1
469.3636512,222.7299594,632,1
485.2889666,223.2131986,818,1
483.109096,94.21611065,3343,1
378.8059164,100.7832247,1179,1
512.4214686,200.3962648,13864,1
555.356852,237.2250913,7682,1
500.9148981,247.9212913,13665,1
516.6707186,262.4087947,22311,1
509.4168125,191.2210965,8347,1
449.1341613,191.946625,9612,1
449.7433723,271.7620984,2961,1
451.8641099,254.4134638,2756,1
525.3298663,196.2737883,33704,1
471.0744196,161.283887,1420,1
543.7260734,251.211542,15932,1
459.8117931,263.0250287,4959,1
396.1270437,219.8866683,36970,1
522.927288,74.10652642,9439,1
450.424151,221.9287661,647,1
523.4816872,87.22700706,31600,1
395.5022586,226.9739643,690,1
454.0859165,62.67217297,6429,1
484.9164252,255.7272522,31364,1
419.5213826,206.2908348,5469,1
438.1844341,117.1203415,2394,1
501.2076346,215.5657334,7266,1
500.6784063,264.2165852,5228,1
467.0878518,75.37636796,4357,1
407.5231286,212.1780141,11308,1
532.5134705,64.50133001,15629,1
522.1863687,141.9981455,5269,1
543.1232749,189.5634618,16667,1
545.2079651,63.84672265,4045,1
461.2305977,255.3698617,2044,1
405.1348305,149.2185676,10110,1
477.0911031,255.8315658,6489,1
375.1848475,211.4784611,8667,1
380.6890382,56.91380948,1751,1
418.5993145,238.8976572,1941,1
493.3787502,217.281203,6685,1
502.8789611,134.1017832,4656,1
567.0048849,189.1757883,10866,1
501.9403292,174.3844331,2389,1
522.8052772,225.2771488,6858,1
459.7933241,156.8164966,1373,1
531.8393043,97.9524369,5413,1
544.8297811,82.31023234,44442,1
490.4566423,137.6715791,36531,1
485.070958,239.4513454,6274,1
417.0034477,157.9023416,25434,1
419.4376711,226.9691371,2057,1
439.9189973,262.0930452,2908,1
461.5575999,210.0989578,3145,1
438.6455739,281.3750668,7900,1
513.5049001,122.4053572,16321,1
393.5515813,81.8052581,9746,1
528.6359363,130.1619099,6018,1
517.6282565,240.0470797,20780,1
411.2293878,100.7676123,783,1
542.5702954,174.8129876,11687,1
449.8622484,262.6051444,11055,1
567.3466672,204.2144689,13227,1
531.7768909,259.5316233,7248,1
525.1873298,232.7600371,20234,1
423.440749,122.6747384,2343,1
477.1153651,149.3382271,2364,1
543.5252937,244.4070843,10740,1
526.162673,247.208493,25241,1
476.2272061,141.2274431,4071,1
517.6125924,174.5522921,6486,1
436.7039196,95.58223243,8424,1
507.4237748,207.6977955,8852,1
501.5853448,94.69300167,1975,1
524.5719067,182.6899846,9687,1
517.7862944,157.3906168,4364,1
412.5256229,83.57011482,6360,1
504.636506,64.55403654,7413,1
532.7723597,174.5951459,8725,1
435.7960978,149.2024523,2801,1
532.9566474,182.7023135,21378,1
508.8847562,106.9151822,149778,1
407.2134926,235.5927729,9998,1
412.8858465,59.13812749,2071,1
536.6545313,237.2118409,93156,1
562.652264,228.809749,66135,1
427.8297789,60.71097657,1968,1
433.1065974,191.0245427,3431,1
510.4345973,94.9177613,8121,1
424.8487576,115.2377089,2477,1
525.4186058,204.557008,24986,1
509.2242754,239.607653,8395,1
521.6027576,97.89910916,6852,1
403.5693849,101.8383467,1680,1
430.0645557,220.8132993,614,1
468.8611138,255.5204879,9188,1
501.2669902,223.5061702,34876,1
505.9653953,84.19374763,66861,1
545.4671198,115.1220121,13843,1
478.3099603,65.75552117,2246,1
509.2513828,152.2379545,27227,1
509.9640406,174.5001324,11200,1
437.2997624,165.2698241,1937,1
441.5485262,206.6954244,5713,1
538.6589464,91.99133317,8695,1
485.0941307,247.5897321,58607,1
500.7924403,256.0638243,5890,1
448.596323,146.6538367,5301,1
430.3423136,228.9145705,460,1
407.2304401,121.1827456,3151,1
434.6047093,179.3012113,3031,1
499.255611,190.3303582,7343,1
500.3058479,154.9036058,3691,1
367.8490496,192.16488,13833,1
438.8157593,271.1993021,2519,1
546.0753983,102.8662391,20428,1
481.4867139,105.2801088,21100,1
508.781841,256.1858287,14200,1
387.0753133,155.0194124,7083,1
520.8003128,107.7613417,58999,1
540.8318721,229.2203898,12167,1
509.7734174,216.7304081,9595,1
538.5704719,258.1780843,5685,1
469.4916019,282.7515355,5181,1
479.411879,272.882558,3853,1
521.2688581,120.522081,6576,1
490.5386723,64.14705477,3990,1
496.6400842,198.4901417,7070,1
464.1887928,234.6916216,10939,1
502.4820846,125.9282654,3829,1
418.6400091,186.8855108,13586,1
515.0554778,223.9681795,9139,1
519.2941335,218.1314047,6940,1
528.3949719,80.9294769,13928,1
450.6174781,174.0153882,1006,1
504.9831503,198.7594732,22438,1
547.7473853,229.1295596,6119,1
477.1673969,80.30133197,6660,1
430.1340518,245.7255138,2970,1
518.0700976,202.9101662,14399,1
532.1971356,229.0366718,14928,1
406.6548351,133.5321871,1255,1
565.7267635,93.49425323,45058,1
526.7633155,253.4993292,15740,1
428.8421089,253.3206283,3966,1
525.0232039,189.5461302,11581,1
490.7971974,165.1439205,17398,1
468.4416452,104.749407,2435,1
475.0989759,172.3870145,1912,1
472.9955999,116.9488668,1981,1
393.2758511,115.4140908,2890,1
543.0175843,182.6537205,10266,1
516.4627239,64.50010375,4552,1
415.2882309,264.6962844,10043,1
399.8357849,161.6741527,24097,1
475.9491458,193.4449347,4271,1
528.8102443,138.230324,9726,1
469.9121757,210.7521327,1526,1
417.4388365,250.9609717,4442,1
493.8704978,235.7037717,3735,1
534.0166083,106.9556843,32504,1
525.7993536,238.1427534,517110,1
408.5461137,113.4959057,727,1
479.4382602,283.0712356,3858,1
465.7264929,199.9405087,824,1
475.0939927,247.6133897,46102,1
524.5009342,174.5783974,9596,1
501.6563449,240.5424216,5406,1
470.8389765,90.74822537,4207,1
481.2934041,210.5151262,10433,1
485.1854887,231.3315968,2538,1
441.6870165,64.0036114,2470,1
486.2674911,75.8324249,11451,1
502.4433699,231.7416449,32237,1
449.0938185,182.7776052,2048,1
460.2496769,120.1079353,3550,1
488.8816476,188.9729633,3002,1
411.9376813,70.43598305,22354,1
422.2531507,106.0679561,24199,1
456.1763898,75.17859719,5393,1
554.848111,229.0266667,10954,1
469.176275,63.4526221,13937,1
493.4220046,94.5044335,2420,1
428.5395567,261.4422549,2008,1
567.1598856,196.0774622,11341,1
446.1938273,242.0168506,36288,1
509.1689518,159.3056878,5903,1
394.7766058,235.0971567,3821,1
534.1011224,265.8866142,8363,1
527.3097174,85.32991573,4089,1
543.9530807,212.5735256,10350,1
440.460143,221.3759763,736,1
460.0148213,90.51924028,1321,1
524.6311137,265.4961494,2773,1
535.16464,196.4855311,14398,1
534.0159577,386.9727362,45837,2
437.745284,466.4322892,110224,2
404.6721369,371.8188631,2052,2
502.0591785,322.5639373,498365,2
416.7883402,414.634101,278831,2
493.1530518,384.8220197,52431,2
530.6466478,345.4893444,50976,2
413.0779288,434.6770356,13833,2
577.6082708,316.0657487,9627,2
524.306782,335.2989573,3669,2
517.3199572,299.2324548,5923,2
390.1299402,453.7534007,7110,2
524.5907111,318.2502614,6689,2
365.5118881,478.5762716,2342,2
495.6996789,353.0391584,60580,2
387.8366205,461.5602155,10658,2
536.5164455,353.7026673,86902,2
529.509428,370.7186797,40069,2
412.5984721,312.5559878,12551,2
515.6737565,355.2154313,16577,2
433.1444552,435.7425062,16921,2
379.2977036,452.9752188,82,2
546.2864347,287.0869127,76227,2
549.8102209,302.083693,32787,2
541.6192195,310.3356296,8102,2
543.2035669,388.363227,11154,2
423.109483,322.4184867,2235,2
508.019778,283.6776174,8535,2
533.5234479,318.046843,3309,2
427.4161527,341.7761808,20640,2
540.0953288,286.3470218,19126,2
405.3708417,361.6644227,6062,2
417.9729045,372.7876479,121073,2
534.9679972,376.9685999,20252,2
432.1959998,312.6994685,3977,2
593.2908129,339.1802881,13684,2
547.3563443,364.333197,46987,2
512.2948497,369.0956592,34273,2
559.0132798,318.6351348,21157,2
502.3923828,372.5157976,718633,2
412.372768,444.8188885,4799,2
533.0324774,290.9596378,177934,2
517.3396408,381.274633,25482,2
478.7700017,322.9397868,9656,2
436.4318812,291.4278724,2756,2
406.1515211,351.4881468,6703,2
397.4088818,413.5082906,3127,2
528.2760909,399.7355668,14182,2
489.9649445,325.13928,7858,2
558.6315477,300.0270143,99478,2
468.6651027,333.3256287,1891,2
562.1910782,362.0671652,203065,2
545.2386174,380.2237872,12769,2
448.9393744,364.2249983,3807,2
386.6674484,376.409817,9041,2
515.8838304,284.7481453,71115,2
524.3532569,328.1916164,2882,2
468.7731428,324.6807581,2553,2
403.908018,382.0575867,19372,2
484.0179605,380.6130948,29600,2
472.5768641,369.7723812,27469,2
432.5050735,445.9799328,9403,2
436.8272351,415.6126293,2444,2
424.0252641,300.9497908,1247,2
448.4899173,374.4203245,5410,2
553.8987928,364.7086995,22683,2
461.012233,342.5262534,3685,2
549.7970622,310.3076339,9656,2
506.1720512,353.354812,11561,2
429.4380368,457.0236381,1143,2
408.4246015,340.5658917,2475,2
557.0074276,270.8955494,12892,2
519.5491542,273.6201209,10117,2
406.7693536,492.7732271,984,2
568.9885474,345.1285927,35597,2
400.1140786,454.2145304,137130,2
520.9830922,347.7777812,47472,2
459.3074586,292.5707417,3001,2
360.0028854,461.4942079,2398,2
362.4463587,494.332539,7818,2
446.0785217,342.728908,5636,2
437.3472625,404.9361506,1210,2
557.0684555,284.7182565,221939,2
508.1697955,294.9786738,19754,2
483.366887,364.6518967,11943,2
539.9038152,371.4446338,70990,2
571.8736028,380.3743683,22353,2
427.4743932,383.568324,1901,2
466.7192488,405.5767392,13535,2
559.2850798,333.7959529,117404,2
536.0413136,343.5212606,10536,2
523.1696735,283.3689863,21604,2
549.7695939,318.6736908,15173,2
571.2566635,361.5817374,15717,2
526.0512922,304.7169287,33690,2
410.1844539,291.899665,1836,2
457.4094522,400.5485549,4139,2
550.0296708,334.7279846,21603,2
458.6242319,331.8737702,2215,2
528.3597656,273.3362951,10178,2
541.5115976,318.0352393,13371,2
456.7016786,416.764441,3719,2
399.7156935,433.8347847,17526,2
517.837449,308.0489948,2790,2
568.2651136,328.2066024,7883,2
459.1162702,355.9226477,4151,2
532.5020648,282.0566887,13462,2
513.4296312,333.1779345,36311,2
419.7320264,393.2911353,7854,2
489.4116163,282.3271931,6373,2
458.0083954,311.9167857,1916,2
501.6820898,333.0629873,24132,2
420.1970043,455.4790216,1226,2
499.5615348,272.3476458,4980,2
455.7922299,389.6975513,2922,2
523.2628502,394.9504502,5925,2
428.1163119,373.3320621,6182,2
410.1595412,454.8787691,136872,2
583.2647525,322.5101979,16777,2
533.5451034,334.3150309,35471,2
449.3341674,353.9401836,3302,2
502.6800795,385.290952,34506,2
426.8018197,415.1215526,6059,2
489.0082899,306.789899,10083,2
389.2112583,389.9234347,48376,2
398.9626511,443.9582427,14786,2
549.8468347,276.3988092,89199,2
439.7529058,394.3789026,3353,2
419.2522258,352.3302132,3034,2
561.2817038,354.0736601,221339,2
396.70155,423.5228674,7879,2
472.6765413,361.6067269,4810,2
429.256796,352.9239291,5613,2
495.8205476,343.2753072,4527,2
400.0961599,465.0054511,4375,2
417.2803693,382.9417632,120725,2
442.5792119,446.5188303,15216,2
567.9464016,321.3342308,13982,2
552.1525397,373.7191489,42391,2
568.6573462,373.2049743,18125,2
469.2678696,292.9513698,28452,2
384.8438644,401.7740161,19844,2
443.1308903,436.3150236,3974,2
578.6686672,384.310041,22185,2
395.9338179,480.0926444,15507,2
575.8090519,344.0501515,32202,2
489.2403551,290.4592681,3241,2
407.2955305,403.3095277,13977,2
456.6010612,426.7240128,5899,2
472.5248699,377.9727182,11629,2
511.5220785,380.2932402,69442,2
460.0099542,367.9860134,3647,2
541.6945711,334.318286,21607,2
501.9654876,363.8041315,41848,2
431.242705,331.5870387,5724,2
448.0296154,384.6117848,3057,2
439.701117,456.0457933,3320,2
549.8406773,326.8086074,39134,2
583.5772663,346.0498446,51675,2
551.0888564,352.554146,41487,2
510.572278,360.1877593,77350,2
398.1482067,402.6712776,7165,2
515.2910305,291.3866971,34362,2
469.1126405,302.1214904,3307,2
408.5390747,327.1827267,3788,2
569.1334861,314.2110524,9805,2
428.6791694,363.1387914,22150,2
419.4640541,467.1658679,3367,2
524.9266555,293.0498212,7053,2
579.8173018,338.6676757,77422,2
533.6499648,309.847023,8601,2
406.7056323,300.9121419,1398,2
388.7924717,311.4392458,18831,2
468.1078202,350.7378418,20081,2
513.5212278,320.4551654,65880,2
459.44017,377.9709055,22119,2
448.1898451,302.2430048,1750,2
499.0242378,305.9729716,29179,2
576.2028794,323.6620509,31137,2
559.4546088,340.7578818,58114,2
499.1530833,296.7830762,55606,2
479.4633114,332.7720917,4861,2
473.0642873,399.1913842,7992,2
557.1832175,277.6678232,20743,2
543.6659071,273.2167254,7945,2
541.4902694,325.701874,16512,2
468.5813787,316.777249,3037,2
568.6184952,335.9269445,38634,2
583.0293008,354.106668,36903,2
522.7483205,374.9205978,12191,2
406.2143815,424.1552884,12651,2
343.675369,459.8224644,3476,2
423.6402757,312.2352957,2690,2
399.7980843,391.9847521,10269,2
561.6178637,380.3144971,125744,2
469.9735016,310.2218421,6973,2
515.6137517,391.9890794,37492,2
430.0763076,469.2076924,1599,2
409.2130872,466.4671303,3355,2
533.5107632,325.7137576,9409,2
593.5993494,331.2918223,18815,2
364.7447201,417.013818,65645,2
491.8442239,372.793852,115541,2
580.7586716,363.1668133,8330,2
376.921293,464.129248,13783,2
439.7814343,323.3773159,4256,2
490.6631455,333.9161056,6034,2
574.5055301,353.6843079,27446,2
448.3674549,292.0650706,2695,2
440.2424191,301.8257716,4936,2
479.2137675,303.3037383,27674,2
447.8417176,319.6377848,6005,2
448.7588776,394.8344076,7041,2
426.255695,425.2385612,6461,2
503.5319111,380.7137878,255755,2
541.5565736,294.554423,110826,2
461.2216513,385.8713327,6239,2
507.7983533,342.959677,46558,2
443.2497869,312.4085457,36776,2
499.4261822,280.4855433,9533,2
438.2790526,373.94194,22535,2
558.9468059,309.1390088,17049,2
508.9845943,306.9978814,12660,2
437.7466589,384.1147245,3677,2
540.6582299,399.2937275,11572,2
383.0475093,500.7936206,9232,2
594.6066612,345.7950883,9723,2
558.4512895,291.5591803,674158,2
447.1724029,405.1522379,1505,2
564.7015664,283.364077,23494,2
564.6487133,276.2490679,9424,2
417.3207341,403.9027199,36273,2
410.995157,280.748017,8270,2
406.7366169,414.0412675,22935,2
559.3828011,347.2335356,23083,2
543.5157999,344.3758682,15029,2
439.2687577,353.4402985,10223,2
564.4356285,269.1104781,8433,2
576.5798647,371.7666163,25540,2
409.7263822,392.6610302,8062,2
450.7479345,457.6595903,10501,2
541.7518471,302.1378987,25992,2
481.4910075,354.0713608,7527,2
384.6161723,431.7205857,64727,2
436.3463958,425.7304662,808,2
568.7990174,305.8396331,22272,2
586.3347218,331.5813175,36202,2
479.2056527,293.2826826,6970,2
552.4239794,406.1557172,33151,2
565.2855592,388.2350478,11233,2
499.2826645,288.6322568,6091,2
437.9922812,488.3162833,4128,2
422.4489854,445.420683,35012,2
431.8058742,322.9411573,7829,2
549.9823876,268.799782,17291,2
562.0994525,371.5589812,61948,2
524.1136733,384.4676063,14003,2
388.0964709,301.9728594,5823,2
416.2548013,424.7397966,5915,2
549.942556,294.526692,544179,2
541.3822155,279.6869423,16924,2
559.0572503,326.7880757,12402,2
463.83677,394.4244055,26446,2
429.7341622,393.8674334,1637,2
438.4297348,479.0697529,3461,2
533.7542581,300.1218231,16295,2
492.5371525,363.1299945,15034,2
479.2131424,313.990006,4437,2
489.1157463,298.6313347,6497,2
472.2352039,386.9195798,9446,2
374.616323,304.6323349,159063,2
446.4702493,426.2809411,1490,2
418.2822596,481.0838055,3719,2
509.5279674,273.5153552,5799,2
536.5401219,272.6213307,9984,2
490.5987706,315.8735377,64511,2
366.9349235,437.5256118,53828,2
448.5560035,331.3985244,4575,2
446.8891883,416.0900265,286,2
458.1220684,302.7106402,3107,2
456.6522921,408.1045715,1336,2
439.6215956,332.0631918,22952,2
438.7941308,363.725044,929,2
427.3377874,404.4487205,6446,2
550.7777185,342.5487453,31848,2
489.4705907,273.1587541,3077,2
537.6977472,362.7166292,73085,2
432.2973988,301.4136562,2234,2
542.3882337,266.135928,4912,2
550.6616152,289.3977066,157505,2
550.3970341,282.7360745,89322,2
400.2953605,311.6879068,6499,2
457.8185317,321.1526103,33848,2
502.6007563,314.426226,34684,2
418.6218175,362.6015072,21904,2
522.1785023,364.4265499,69967,2
529.2543732,359.119882,603150,2
475.3099236,343.4350601,8878,2
548.2943871,260.009775,23370,2
577.6201723,332.1005958,275173,2
485.860247,344.5925057,5642,2
381.0993838,325.1380755,15507,2
422.3018709,331.085809,3233,2
543.1460785,355.2108648,41259,2
553.3871326,387.1528595,50384,2
423.1142664,435.2476396,641,2
959.2631232,105.4985253,122151,3
907.9859222,160.2590814,159429,3
853.4375108,224.4324032,24636,3
949.4245805,131.2934016,197131,3
846.1102028,184.5612725,98990,3
988.2648147,81.52889891,32856,3
875.2614019,231.4788662,519445,3
905.1638967,246.310468,97265,3
889.9658599,224.504821,799874,3
884.772019,120.6694509,51599,3
900.8377672,220.161476,366513,3
923.5149626,165.0657953,158080,3
859.6326552,176.7646114,101480,3
886.1845842,204.7146227,169842,3
861.5600633,139.2838851,116222,3
899.8763352,111.8373392,6970,3
962.658837,177.0352249,16535,3
925.8183894,169.2744172,463490,3
893.7864464,238.7356086,66083,3
872.6279974,181.2059672,200600,3
945.9193382,175.5070164,166158,3
872.4122484,196.8066071,28276,3
898.5923423,159.5852808,154727,3
911.5999859,113.8584147,24475,3
905.3499876,119.3012001,156545,3
904.9764537,215.0014586,809857,3
943.4057555,156.5043108,1503085,3
864.0643438,200.0771717,6428,3
883.0827501,248.5443338,20197,3
925.2069928,107.5009561,6306,3
874.5979879,204.4602438,320915,3
952.508193,176.9516499,82888,3
849.9843693,195.3252513,41981,3
882.9400431,167.7646543,62259,3
970.5524744,108.6344934,39735,3
903.6968091,229.4061924,448734,3
880.1651449,149.4848153,64519,3
936.8269602,147.9917724,400721,3
857.9796127,217.5221862,39702,3
891.9923908,250.7382773,162310,3
907.863004,197.5797153,311687,3
863.1483931,214.1700739,94528,3
845.9501301,209.2141607,39238,3
941.7694094,107.4074355,57833,3
927.7427952,149.848528,77117,3
883.7772993,216.0844216,349497,3
905.5754973,238.0512598,274545,3
949.6629366,82.08748879,52228,3
890.848103,231.2873954,558979,3
894.2403758,114.6752778,82128,3
882.7611422,241.1495883,101108,3
919.0097759,126.2479908,28936,3
938.0795871,173.7994498,118428,3
870.3844587,224.7967306,133568,3
894.7291487,227.9005476,1526006,3
945.1635231,136.0401442,123143,3
898.4108136,242.2743905,156898,3
847.4517466,162.7796752,93772,3
859.4331709,238.8796446,101407,3
900.2135125,172.3828578,49221,3
948.8115055,162.8421693,670850,3
906.9192251,129.0986204,36821,3
923.7613107,159.3514779,71372,3
874.3597893,189.1105922,43356,3
848.1580278,175.1500526,25348,3
874.3536541,173.0883675,50477,3
849.2470846,223.1936169,46682,3
901.4703468,192.905092,372813,3
917.6934474,179.7235477,189927,3
909.0804242,207.4629378,634266,3
862.4261875,192.3535108,62622,3
957.1574071,165.7882635,494919,3
938.9257532,123.8446261,47818,3
820.3858257,177.0133304,919040,3
827.5866504,198.8615786,43450,3
938.0275223,181.9942484,274055,3
937.5847277,133.1120242,60088,3
866.0689565,172.4028847,49336,3
864.6650656,224.8706931,268100,3
967.9360144,167.1956202,215888,3
844.0236784,228.4038011,45913,3
973.1476827,177.3208225,10172,3
892.5805294,187.7250166,77547,3
899.0614315,232.0542326,513657,3
861.8797092,163.5017655,467025,3
850.1509575,239.2283255,149606,3
896.6070662,200.3905771,149265,3
896.1985671,234.8203614,288282,3
872.6046578,216.0903161,148289,3
867.8569141,236.0356033,434972,3
910.9141016,190.332224,99710,3
925.7983165,140.4712127,43742,3
867.8263566,208.9714857,67295,3
912.1415478,196.5925897,949101,3
913.3800438,150.9611071,37125,3
917.3849803,205.4364754,1339532,3
953.5817898,121.4166575,281653,3
884.6922397,252.9458633,47798,3
957.5970108,72.07477134,17535,3
895.8240837,129.1442162,39370,3
828.6081348,170.4110116,60079,3
964.4957107,112.0770716,34457,3
892.5760274,208.5681484,108692,3
905.7403835,145.542052,63204,3
864.1280891,182.7143541,51125,3
953.2309981,170.8437799,548285,3
871.246702,163.5103991,73442,3
886.9790723,141.8763695,4836,3
837.179755,175.1785935,65393,3
979.533326,95.809016,54418,3
913.4620516,207.6157504,2230722,3
929.2416495,199.278463,1493074,3
900.8932204,164.4892262,304204,3
900.1268687,152.3388331,219603,3
873.0546732,125.2992059,111944,3
829.5608839,177.1689149,42155,3
835.3227175,206.3474338,5085,3
909.2177566,182.3629398,297486,3
818.7814565,167.3019132,216469,3
895.7760956,214.4939682,128349,3
917.1477928,191.8921131,916826,3
888.2679603,239.7850849,538461,3
823.6399919,188.7757093,80317,3
879.556795,197.4468146,214437,3
936.5406347,161.7387165,798552,3
905.5870822,210.0450857,536499,3
908.7491995,211.3071613,468730,3
888.0327932,211.5231357,297735,3
919.6376788,150.6568639,44510,3
845.0417762,216.6529823,153988,3
945.8626238,143.4954535,295223,3
890.689128,154.3364493,55531,3
931.1464129,184.6433284,165676,3
920.8048217,114.8871442,31227,3
898.1845667,142.3657208,65707,3
932.2331693,105.6607419,33055,3
934.864914,139.1023143,146445,3
883.3321281,192.0850764,52822,3
856.3483885,227.0307536,45969,3
870.4425188,142.6303573,27087,3
883.5748386,260.3156834,37782,3
888.5728151,256.8907462,33066,3
844.2319267,171.1435178,107931,3
880.4223331,209.2434998,65249,3
904.1617463,201.7122065,501226,3
911.072622,205.7830868,1585873,3
839.4428686,197.9052498,17457,3
891.3877811,159.2073806,50219,3
856.7772569,184.965186,88830,3
857.4292955,232.3103561,235406,3
873.3423238,155.239767,234878,3
928.7083979,125.6366544,89118,3
910.6316998,138.4355268,61642,3
857.0392799,213.3924703,44947,3
949.8351169,150.3043821,743153,3
827.8644249,208.0813842,31945,3
967.9070479,100.8773683,38786,3
924.9154528,187.5573752,862477,3
906.2367308,206.9774295,783969,3
908.7177354,218.9003696,630380,3
889.6721534,197.400682,57369,3
900.9368464,213.2586276,323444,3
884.2464082,231.6770522,498882,3
893.8760044,220.6990909,625249,3
944.1513834,95.37371883,30768,3
852.4700582,170.6762871,35251,3
910.212763,227.8785262,576567,3
962.2814082,51.89020397,71870,3
911.5955801,208.9283741,2504700,3
944.956217,171.2324729,626667,3
876.5956905,242.900378,244826,3
863.7874165,210.4713439,18267,3
908.562176,170.9453057,63096,3
925.9172127,177.1522903,894014,3
860.9378893,153.5702886,122109,3
855.6296413,204.4617168,116111,3
900.4227875,206.4296424,492276,3
917.7353853,136.1550943,56670,3
827.0904343,164.6579206,42883,3
907.8960669,202.3024704,905116,3
893.1171022,166.1359045,32749,3
834.8706677,186.7095621,48946,3
856.1662361,165.574283,80026,3
899.5931791,181.641306,182493,3
946.394661,180.087519,126979,3
906.0171751,109.0595206,47746,3
953.1616371,113.0717311,107702,3
960.1016374,116.0091485,35293,3
950.7240887,173.7516419,49875,3
915.0270999,166.7768216,131219,3
878.5754866,221.6783198,411442,3
853.9326298,180.0234018,18343,3
950.2990792,158.007071,722023,3
914.0289935,120.9037638,59534,3
932.6098372,174.3941542,152691,3
836.6100325,165.4441624,744344,3
916.6963987,107.16362,27231,3
969.7117938,77.56511209,153923,3
886.906046,177.2574715,47980,3
912.3154973,203.6741068,1385108,3
220.1141212,427.6285842,980258,4
291.6412772,395.7406226,3725,4
232.4488017,409.8367182,375770,4
317.9220613,435.1386291,209226,4
259.0733003,438.8602727,131346,4
214.1280776,396.8939608,3817117,4
235.9230957,443.6465763,47420,4
288.5323018,424.7878309,29514,4
279.6126181,439.4478159,4894,4
340.1249647,431.4571999,63797,4
273.5040341,411.2053317,8437,4
312.0779592,416.6190488,11988,4
298.9761784,436.9691892,25095,4
260.8872322,413.8869477,37220,4
244.9834582,391.2320198,53596,4
327.5376934,450.4423571,800647,4
529.6107284,501.546742,43205,5
483.2346419,584.5989393,774769,5
482.2970541,570.0782123,7223,5
509.2362927,483.852108,24757,5
533.4341657,513.0086919,585375,5
469.6959805,493.7592592,24837,5
510.0301959,516.3605949,19263,5
494.127693,450.3373422,8490,5
571.4328669,470.5409504,10834,5
516.0381355,401.5279555,10957,5
460.8863833,459.2878728,8895,5
482.2016358,505.9872775,108472,5
485.5193046,483.3660711,42750,5
485.6129191,554.7800554,40838,5
498.6423825,514.3291671,19807,5
477.0711625,417.2087779,9054,5
546.1406693,476.4996605,14585,5
520.8064271,434.5153771,78337,5
526.0034176,462.3149161,19816,5
489.103875,511.1631366,131533,5
452.1971175,469.7573252,4087,5
564.8358942,469.0292693,8865,5
560.8592108,436.7217018,10546,5
562.1616034,451.3977475,23796,5
497.4001517,547.8620453,64804,5
477.0043948,466.9476405,4936,5
497.9121751,554.0673522,340197,5
486.7444131,426.4047002,9044,5
545.7707309,488.2304295,26384,5
528.2370588,530.2204002,36702,5
556.1420357,507.7471703,35095,5
462.4956937,570.3323165,14018,5
505.6187589,416.6149885,38437,5
464.3928282,484.3254451,4012,5
571.0646818,498.8678556,81837,5
494.9853486,561.0095483,32061,5
527.2861262,429.5181933,86129,5
522.8882365,487.3513971,194851,5
451.7206873,537.0281662,9996,5
493.4332284,397.6044494,45048,5
496.2003256,505.2755695,38066,5
458.4733051,551.7070942,250304,5
513.5268749,447.261695,149610,5
503.6738156,437.4770287,1809030,5
573.5896649,484.5169912,14445,5
510.2416803,472.8683149,17866,5
516.8533381,526.2218581,14073,5
530.0381349,479.8068142,13664,5
504.7132382,410.3500873,9423,5
577.2542046,465.2810898,24233,5
517.2937929,466.2481122,23384,5
504.1528673,392.4604741,27576,5
493.8250851,406.4484317,6472,5
541.0521035,437.0550237,41964,5
556.7145086,472.727124,86771,5
486.3891636,413.4926305,10752,5
477.1133531,408.3208754,131500,5
509.1141247,494.6325856,16612,5
465.1276532,539.3170572,6886,5
462.7803877,447.4915251,13544,5
462.5603378,472.5799941,8283,5
585.5136919,504.3709478,6839,5
442.8478256,500.3592707,2002,5
504.3050258,402.5771909,47557,5
496.7838978,487.0852099,422679,5
591.7759828,485.8929617,25764,5
476.0650736,539.5512802,707,5
493.6841136,437.1525768,116927,5
485.3274413,539.1851168,11531,5
463.6519846,507.0517877,20485,5
506.8200471,456.1460285,35089,5
561.2739242,493.9734599,54635,5
517.7077843,427.8956468,782341,5
505.1384796,465.6399346,234906,5
543.88353,427.8992066,10605,5
499.512144,532.8734594,7210,5
452.6555791,447.0491158,131506,5
532.36349,442.6560726,52579,5
505.207687,541.074799,7383,5
584.5751851,475.6980877,52334,5
486.4533822,520.5071241,42918,5
507.162083,427.4273997,662593,5
529.0152904,489.5830975,26604,5
526.789859,418.2610777,33915,5
515.4391069,417.2276988,120877,5
537.557875,484.4873629,67861,5
547.1239454,417.9097094,12860,5
476.8940068,555.2369009,11782,5
472.9065044,474.3046502,6131,5
560.9199224,430.1364035,30464,5
508.0304067,546.1201089,23158,5
451.8506617,504.285921,3309,5
453.3235723,436.8563917,20202,5
581.7567401,486.885403,35654,5
565.7468958,504.5418,252267,5
440.6977648,529.8885018,54258,5
452.4583105,515.4336348,26405,5
495.6187787,416.0533381,19719,5
567.5171781,484.4458844,35710,5
515.5061812,537.7914621,21381,5
502.1599093,446.4494444,150934,5
539.9888336,520.5098884,313166,5
549.4767835,438.2318766,39309,5
553.0783953,498.4268422,75643,5
565.067175,460.1057961,25448,5
517.9737936,511.4092367,20874,5
452.8158614,479.8733557,2242,5
552.4772701,483.0365524,45413,5
473.1914439,447.070833,18583,5
581.9396551,495.9363764,192663,5
552.3331881,444.322744,121729,5
523.0368835,504.6437164,28417,5
514.0820054,408.5287278,15840,5
495.0936575,582.3345601,22134,5
475.495552,485.06821,19301,5
477.8866635,514.095892,1714770,5
495.672205,571.6337731,416,5
548.8464916,427.6215452,32334,5
535.7862785,459.9922529,58458,5
540.5473165,504.6299387,4092450,5
592.1230343,494.9772193,31594,5
469.7082838,459.9484174,38106,5
466.1038079,515.4217635,46006,5
561.3279866,483.9180205,21766,5
540.0551494,471.7124144,23732,5
523.2241188,441.585091,103350,5
537.3399796,428.7872841,35161,5
483.9378675,402.1135843,6193,5
488.0508049,500.4745857,157107,5
424.9661342,502.1254317,48879,5
524.6445491,410.1373581,42416,5
473.5887057,437.6402249,9630,5
480.7109849,495.3493469,10497,5
471.508257,580.4635286,60968,5
466.9428103,416.8683539,3726,5
542.7310299,446.4579856,209714,5
492.9920324,445.3688636,51182,5
493.0849668,469.6949634,75388,5
492.9336361,538.0226921,31861,5
510.1750228,504.6607909,24554,5
465.3612676,527.2395912,17217,5
466.6214156,427.1091748,1641,5
553.3588884,429.3928969,12934,5
549.0470157,432.9650266,12401,5
499.4489922,477.8545058,310235,5
474.1559695,502.4814344,33410,5
519.5174398,454.4393328,47735,5
530.8218342,450.2917235,78532,5
496.8007325,426.9942,59127,5
485.2575016,449.6845789,37890,5
533.428627,435.5957127,10914,5
528.9225563,472.1853136,16801,5
484.5820354,473.7694509,19677,5
483.7946094,437.4959472,28111,5
454.2298779,489.3413954,4607,5
516.3774224,490.3485351,17187,5
501.0327959,523.2787054,20097,5
508.7897039,529.9784553,86793,5
556.6247373,464.985081,64524,5
552.5251688,515.2983948,291309,5
476.6397716,427.2716541,18550,5
508.3262231,397.5677996,13488,5
478.7880605,456.0527398,13974,5
520.4431225,497.2231167,33718,5
481.8116817,392.9806133,124098,5
487.0650384,461.8249287,8517,5
452.0590799,526.7949263,11677,5
496.6667924,457.6662483,18212,5
502.2524604,499.4652191,74171,5
535.7470969,423.3978109,5231,5
518.7059629,478.034485,16622,5
439.1412587,514.9709593,3598,5
497.9427735,589.3158155,406204,5
560.2700107,442.3255746,65631,5
537.2160454,416.9522758,49793,5
463.5143178,437.3028887,3378,5
537.2900878,408.3120698,15205,5
538.4713844,494.8995761,455746,5
553.7883183,452.8886308,53330,5
524.143575,518.6727355,41280,5
491.1797986,526.6730653,14824,5
472.5933227,569.4876765,5300,5
461.815603,499.5358837,49625,5
545.4898588,459.6255451,50845,5
493.0320761,493.5973397,1024266,5
513.6579017,437.6829668,2368139,5
477.1602433,526.9986027,44911,5
757.6569632,428.6359693,8906,6
820.829889,552.0154651,159978,6
781.9339776,465.5982596,109233,6
803.1116274,474.3836195,27115,6
776.0305231,429.0603305,13063,6
741.0648296,454.6764529,17302,6
754.4290317,412.4026949,64073,6
817.3716358,368.8265411,76652,6
737.1458805,484.2579174,168852,6
789.5107366,479.9760866,41551,6
747.2386202,397.2937993,688078,6
762.2844144,417.2992241,26424,6
775.0512627,402.0794631,15994,6
785.4599713,460.6497559,10078,6
770.7073342,476.8511194,14761,6
769.8465834,379.9702626,26175,6
740.3851549,436.9395887,52947,6
760.3338787,372.5204336,10471,6
828.8228259,380.5910357,19220,6
808.0767144,416.8180602,14593,6
831.4796831,391.098381,34971,6
734.5693558,476.8507328,24896,6
745.5706134,490.561104,15863,6
775.364896,439.9893855,9255,6
796.1398579,433.3765589,27223,6
754.3981633,491.5929813,11549,6
749.5803564,375.4048104,23682,6
820.1922446,361.9694567,201292,6
815.1451197,473.1142954,864262,6
832.8058629,539.9979642,98786,6
788.943228,472.5905591,14799,6
791.1928705,412.328954,16930,6
850.2255701,536.4624798,277789,6
809.4211314,404.7869253,22621,6
811.8611454,410.7592755,10419,6
810.0835182,529.9575015,1226699,6
754.1348841,368.1831391,27444,6
768.8841536,466.6084467,44720,6
765.9103347,390.4510626,60485,6
744.1106724,425.9038222,32024,6
772.1266015,446.3064376,8930,6
720.2815738,440.4361629,229363,6
741.778484,398.177005,142324,6
783.0363529,396.4697929,10593,6
806.7362597,483.3198837,28520,6
810.7994124,389.5044915,262391,6
839.813719,381.9472342,136885,6
735.4856775,401.9542757,28780,6
747.7458646,440.9986563,6058,6
806.6696395,515.7436001,172778,6
826.6641311,412.5034054,38892,6
761.8066455,445.9742382,28298,6
762.5854398,424.2888459,12630,6
754.4654434,400.059456,691893,6
807.8869712,364.4699063,226073,6
769.3053172,415.8580412,28669,6
772.2011629,408.6357163,21218,6
814.0481209,433.623654,30233,6
816.7386713,404.2908931,15987,6
816.2172558,489.9795448,74364,6
760.4735252,386.7165541,179684,6
801.0789117,450.6962196,18758,6
821.2473508,376.8851912,61697,6
787.265199,408.6579769,3082,6
851.4889388,543.1799356,146318,6
729.9769051,435.6166812,21452,6
836.5414488,567.5264227,321520,6
750.2943218,409.2886591,106567,6
804.8054153,398.7770101,160099,6
745.2656611,430.9870789,189885,6
757.4478087,457.6449355,3451,6
783.5461344,427.3680612,48434,6
741.2067928,419.2914087,66978,6
762.3649513,432.7002386,14740,6
748.3476265,458.7693706,11008,6
726.5624304,449.4240695,32899,6
756.8868319,435.0109805,5010,6
779.4731783,371.0002527,119224,6
751.7091316,462.0141457,6125,6
775.9003807,466.7042034,16243,6
802.7524959,481.2346155,15535,6
756.1702438,474.8181079,46389,6
731.7458721,471.1035402,19927,6
817.2222174,415.2179512,21090,6
755.5605485,421.4081627,27153,6
794.9019631,489.8692879,16939,6
787.7861514,447.8087885,42356,6
769.191246,396.7564149,32808,6
755.6935411,468.1940029,27842,6
747.7467515,434.3539053,11267,6
779.2634846,409.0891967,9429,6
805.754645,453.770997,18411,6
765.6287268,366.5324752,33922,6
738.4835936,413.4101728,11834,6
823.1895217,527.4950396,602095,6
756.5895465,407.2888738,203922,6
829.7810338,405.8095884,136555,6
762.1245212,404.3818391,99958,6
751.6273147,425.750965,6865,6
761.2537508,378.9221371,27144,6
744.953012,480.1060114,14625,6
804.1633273,509.0738728,141236,6
744.5965061,402.9622085,132403,6
768.3423802,450.6037069,21679,6
752.8910976,440.5100861,2799,6
795.5999734,446.8811724,11096,6
823.2706635,545.0621053,34862,6
748.174862,384.6868207,29431,6
833.1727872,375.6115684,68681,6
826.0135509,422.7725116,162233,6
791.1526454,392.7888807,10233,6
753.370012,416.5414173,17869,6
778.8510361,475.4894181,19224,6
744.9425358,369.8458798,16825,6
811.1790538,377.3826149,23956,6
755.6275502,375.3578512,21356,6
725.1645777,476.8024929,55043,6
777.6450173,420.0881536,9563,6
716.4242065,476.8083628,180822,6
804.3627632,464.2984798,12171,6
794.4213769,377.8466488,66537,6
741.5600121,390.8644521,100157,6
765.4781829,427.5257537,27695,6
786.7861011,385.1063319,25417,6
752.8909387,433.8462496,8742,6
712.5180949,452.423591,20947,6
750.1602876,399.907752,920581,6
782.2268047,379.1329799,187126,6
801.8962143,434.1962592,25520,6
740.4721814,384.6063593,55186,6
848.9410847,393.9166946,60158,6
773.7389915,434.1272379,12010,6
808.7124622,440.0811939,14464,6
773.1191753,423.8153154,9023,6
718.1403241,424.0130101,11539,6
821.3062836,398.7018754,92501,6
750.013671,467.4871839,8729,6
785.676714,369.5420978,451225,6
769.0743485,402.5249609,17868,6
777.9658929,485.0059054,22566,6
780.693341,401.4621755,1717,6
829.684398,508.399477,422718,6
788.2717104,395.099212,7996,6
786.1207085,484.5589359,8870,6
761.086379,451.9671842,94565,6
852.8863704,552.9515462,1320134,6
819.9930208,508.1516728,297050,6
774.9575296,452.1062882,40118,6
770.8590419,458.5506692,45498,6
820.1385437,433.0313835,265128,6
785.0474896,439.4417371,16500,6
806.4184043,425.5688245,70217,6
752.8538768,406.7228778,259424,6
809.4878909,370.8558732,33140,6
767.6791063,436.7012681,14918,6
730.5281977,442.4873214,10914,6
792.1482864,432.8861719,9123,6
768.5077163,441.7173177,23439,6
763.8604437,398.9395327,83768,6
846.1016924,529.7033435,138028,6
753.2883869,452.9641129,6694,6
744.3883356,446.1903109,2513,6
758.0388269,395.1103277,805321,6
836.2690855,548.3526159,12884,6
798.3362581,442.1326028,18236,6
825.5323702,491.5379013,95696,6
801.2473973,416.8999683,8340,6
776.3329682,394.7285011,14899,6
839.9809989,409.0170089,350202,6
802.4785435,381.4387691,37505,6
747.865232,418.3644642,21992,6
841.3223877,516.4898613,543376,6
760.0311792,440.3381991,32819,6
803.9617618,489.8506928,247336,6
734.5461531,422.891247,34215,6
846.2474037,380.2292732,33062,6
841.5689856,538.027745,39996,6
827.4807804,386.1504475,107456,6
792.9533124,385.9879432,69661,6
752.1874713,483.4350285,8365,6
840.8138545,391.0116711,34423,6
791.4116705,441.4705998,15068,6
779.5230758,447.8282282,9538,6
776.8468022,383.6237311,25213,6
792.8043223,400.6620497,124053,6
768.8660566,429.2617089,139900,6
804.5579693,431.6296448,11000,6
848.0909064,589.65181,73090,6
755.1451026,389.4783978,175511,6
788.6607759,434.7979424,7421,6
807.3757253,521.2038129,464697,6
781.3222845,455.836386,19286,6
762.322014,459.1579281,23498,6
828.4774229,512.9992898,1145956,6
755.8382615,446.9966811,9315,6
793.1114648,462.8382387,6792,6
773.5865042,374.2762489,74273,6
765.0675463,378.6251176,43041,6
799.402252,411.0604169,23316,6
816.5416418,385.1567072,384504,6
767.127214,372.3453122,16273,6
802.4775995,530.7907497,916541,6
806.0829777,445.3793872,30099,6
726.7869576,425.5810677,41616,6
719.4620214,452.0971146,13906,6
812.5919627,546.5516308,379448,6
827.904386,369.0523831,46734,6
762.6922491,467.2443495,25011,6
801.0940671,388.3982975,19875,6
822.7363685,559.3191676,618754,6
787.3589714,421.0627988,9980,6
788.0167839,453.9433574,8375,6
853.5390064,381.5339443,269291,6
748.4127202,389.8469082,214346,6
784.3309456,415.1719189,21187,6
743.1714208,471.5052454,49746,6
730.4135382,465.8387577,26790,6
795.0403491,422.9383834,22598,6
767.7448466,421.1754332,155538,6
833.2725415,523.052424,268685,6
717.9627108,463.3840867,37765,6
777.5213414,458.5415461,17212,6
780.1381581,434.7631618,21796,6
745.6131176,411.392481,127317,6
732.2394936,414.2669447,22913,6
736.2807613,430.28131,140247,6
740.0973137,463.2411371,101547,6
762.4638964,477.3653422,275487,6
788.0578708,493.7560714,16422,6
798.651966,459.6603567,36312,6
819.8392788,393.111606,15175,6
854.318125,564.174522,1748065,6
814.6367004,425.3885553,52250,6
855.7178459,576.4507023,2496435,6
735.6770959,397.0612628,41475,6
766.1400549,409.6014576,13900,6
796.5442435,477.5880164,67531,6
780.2755835,388.8223405,20166,6
773.0938304,389.5105566,28120,6
775.6921216,414.1856239,45720,6
820.562616,423.3063268,24777,6
759.9068289,369.8311486,10587,6
838.9212892,556.6013925,39140,6
797.3981672,499.3369131,40801,6
814.0542253,438.0633574,63453,6
720.4299415,431.9327143,79299,6
779.7504055,444.2901236,17634,6
790.7352935,427.6845471,6885,6
814.7205714,451.6465239,79626,6
788.8073176,402.5711914,21875,6
800.9892206,372.3328844,28961,6
790.44296,467.7508327,4034,6
747.4447777,379.469117,28292,6
812.5315728,511.6977945,93420,6
758.133462,416.2786556,18317,6
737.2089369,447.1461459,27457,6
738.7920248,406.300529,110527,6
770.3655998,394.0475434,116714,6
838.3984985,401.6688897,177843,6
821.1626806,481.1943016,190039,6
816.2435773,445.0996661,14333,6
711.7821088,442.9566894,11299,6
822.219899,538.0722442,27731,6
761.574987,483.9691846,30776,6
810.7679729,499.5135297,331298,6
785.8844532,404.8828292,5834,6
756.7008557,380.8974343,29966,6
812.7609248,481.5313593,190865,6
733.9678508,457.8496232,50251,6
811.9522112,540.4700744,322833,6
745.9391431,451.5693342,3183,6
750.0119611,448.029846,7719,6
811.8478055,467.3704242,73314,6
758.3786416,402.4978037,85215,6
812.9631353,459.1516884,50513,6
763.7782826,393.6259334,69367,6
771.6548246,383.7522456,22084,6
796.7997273,404.3913497,200549,6
800.1824105,426.3070725,10998,6
766.9869688,385.2992636,18395,6
797.6886144,394.375503,26985,6
761.0131868,410.8451238,23655,6
829.4800366,500.3932155,494593,6
753.7480935,384.3756784,22330,6
726.6617217,459.0392313,49946,6
683.0259785,292.4330037,38435,7
650.2091995,488.9238522,233740,7
586.0604091,446.5120213,14353,7
664.0044452,292.4353467,13815,7
691.7720372,307.3269606,20952,7
656.850296,303.5716958,38827,7
699.1727872,457.8637934,23068,7
657.806478,501.4439252,35881,7
699.5808326,382.0111163,82782,7
630.1515739,286.5522885,22985,7
706.7205737,460.6302677,13228,7
684.052229,391.9986414,31704,7
656.5030934,405.8986144,14962,7
702.5494892,439.1474838,43820,7
659.1195816,323.1468913,12582,7
670.2974835,336.2911559,31448,7
568.4693783,297.358178,52595,7
627.873147,306.1488768,218733,7
669.7852785,357.5961685,28522,7
602.0802255,294.1200029,44332,7
621.7855494,337.6843216,6265,7
667.7839815,469.5925453,12250,7
628.6425258,281.1349131,13886,7
722.9777002,387.2033481,71109,7
718.4853659,413.5213387,82291,7
651.5544962,330.6619014,8238,7
749.0505193,361.7084726,44519,7
610.3237078,291.8845614,12236,7
682.4054814,282.9689024,21475,7
662.8189919,366.0998706,98294,7
638.7166394,415.848352,32317,7
654.0646868,259.697022,16561,7
620.0461769,466.2456499,32297,7
602.8790575,419.9497235,11508,7
647.6182303,478.3087636,47168,7
596.5292168,463.5659071,22309,7
669.3218529,285.9522455,9698,7
707.6533103,364.2147802,45058,7
573.5492392,453.7516736,26656,7
649.6675407,349.8053237,7832,7
724.0635239,371.8595866,28237,7
675.3059524,277.9262628,16335,7
678.1962666,328.5670978,12984,7
621.5413244,473.0591857,9878,7
620.325666,506.4131373,54648,7
588.2069177,287.8172126,10144,7
594.7102682,455.8381186,15313,7
590.3264233,298.9995086,15607,7
644.0546753,396.6816198,34707,7
586.2309723,400.5625085,32923,7
575.8447906,439.7741153,116979,7
626.8772116,459.2257319,7726,7
707.938558,382.483905,334811,7
585.0345229,304.2668535,20565,7
663.5142615,425.2741378,19198,7
715.4934814,372.3519255,41045,7
613.6327862,333.198239,8441,7
618.1156917,379.0325093,7260,7
633.9561915,498.6963382,22102,7
738.6886713,361.2499084,11753,7
725.3044149,353.2113928,25841,7
570.8264128,442.2025742,254969,7
630.3782228,266.0751646,13642,7
656.1496143,349.1702867,31807,7
676.8979228,354.1263653,16489,7
658.3880344,337.2983865,5104,7
684.5461322,266.5483029,17339,7
731.3842524,386.5645015,26007,7
662.7062444,332.2580029,65565,7
652.9563792,396.4521069,47351,7
736.3307691,359.2910075,31809,7
619.7845622,423.3462789,11800,7
595.1498786,427.2264332,41639,7
718.185035,380.7679918,53227,7
665.4796526,299.9905851,16760,7
672.9379546,458.291074,20747,7
667.6929501,411.734435,20634,7
657.6965843,316.9170798,66357,7
647.6499725,410.3944645,21897,7
613.86793,344.1102218,10881,7
642.2676283,384.8392495,161252,7
673.6336147,324.6511053,9315,7
613.0726744,356.2218659,17264,7
617.8792077,302.889108,101492,7
629.7965587,432.9967024,4916,7
605.6237396,316.5818562,45156,7
726.1369722,358.4545909,5548,7
635.7527817,259.8237467,14666,7
577.6509421,297.736399,42201,7
645.5976531,370.395032,61081,7
624.1622173,261.9937323,7544,7
629.1433099,363.2672958,96443,7
649.0223761,309.1829092,22350,7
676.0176396,374.9359809,26026,7
676.1650877,483.6667104,139668,7
652.4368122,426.9211837,19564,7
683.3294387,258.3705116,17240,7
647.317385,333.8295754,39191,7
603.4776375,303.0143073,13878,7
691.2842442,325.954902,31499,7
607.7973449,487.0849225,83375,7
591.3014352,280.5196209,25414,7
611.5037156,322.7555946,15657,7
654.7831772,441.5984482,28264,7
713.8383448,339.9204592,22248,7
693.728753,478.5222044,182265,7
709.193529,417.3944678,195085,7
691.4286224,334.8956561,12460,7
598.2772128,272.1266289,6373,7
629.7325553,465.0579893,8118,7
620.1230521,358.4760653,17415,7
640.5139462,406.6198285,15378,7
724.3783266,415.2599728,13932,7
643.395763,378.0317446,927644,7
663.6157627,459.5261184,67757,7
647.1142783,297.2594907,37762,7
632.0480504,350.6502781,16083,7
597.1382704,400.9978911,17853,7
573.4282362,395.8936295,9487,7
633.2091524,513.6093647,111858,7
731.7038834,380.2174103,68756,7
627.2996173,375.9928694,17870,7
645.2776747,462.4933275,12929,7
684.2684651,324.3325041,46920,7
670.1373846,321.0869267,4320,7
674.7938572,468.2152023,14400,7
671.5334807,364.7853813,27769,7
672.247452,449.0079541,16732,7
583.4380915,394.7633618,96024,7
659.0446136,341.7580933,4902,7
577.9170575,307.7001671,19056,7
668.4453121,397.156999,82910,7
715.4845963,346.3832989,19166,7
626.4203753,436.2243087,1406,7
700.009324,350.1072654,626680,7
613.6906821,450.6791301,20767,7
593.6881212,308.9909191,24748,7
605.0256423,451.8230387,10132,7
644.6446741,437.3396068,95203,7
698.3601138,356.4383243,183182,7
638.5838441,352.118399,31953,7
610.880371,408.041243,14134,7
664.5916743,340.0463055,37121,7
724.7998777,348.1730918,72321,7
589.6656956,417.6663752,26120,7
649.1323535,404.4476713,12678,7
621.9646819,493.2990893,33386,7
681.5731785,313.231,46250,7
655.0807204,329.0520778,6161,7
654.6546469,367.440515,18787,7
676.4571553,285.5802541,19817,7
682.1783266,354.6261123,18538,7
681.5159775,419.4922785,19746,7
668.7723018,329.0609242,9519,7
663.9917771,349.7939431,35021,7
609.940846,303.2043877,15222,7
636.0876102,378.3782105,50902,7
586.1017774,294.529967,17601,7
567.0566053,406.4538291,13781,7
670.7079141,307.6723019,14665,7
672.0298837,348.6618399,32330,7
638.0518274,463.0357298,34869,7
667.2833496,279.9175205,11048,7
637.8762748,455.400373,29449,7
705.1540991,330.1204451,113788,7
682.2866509,348.8181366,8426,7
626.6780079,411.072378,34145,7
584.5955016,373.8563081,61754,7
671.620601,341.9282438,37191,7
670.4198977,315.4872777,5589,7
656.8698375,361.5290403,14586,7
616.3330295,483.1479611,22802,7
651.3385811,496.4654023,343829,7
646.1695778,417.9881041,10597,7
626.1987193,423.016704,51137,7
637.3036968,282.407623,47765,7
634.4143288,305.4609639,32957,7
645.6079372,261.494318,30305,7
591.2322775,322.0285775,35571,7
697.9624705,341.5004027,66283,7
610.7030993,462.3323073,10407,7
598.6765438,389.524749,382748,7
688.6376538,366.1345228,12161,7
594.5028637,440.5668849,46735,7
654.2859582,288.0802295,22140,7
608.2459915,474.957592,42073,7
628.9654047,369.3754326,24583,7
674.5288476,396.5413007,23401,7
681.1972605,435.4652558,13763,7
600.630166,493.9488805,61773,7
709.4328637,349.3664937,113993,7
674.5431718,332.2947495,8314,7
628.3426096,502.3032688,23421,7
657.9692117,385.4345398,8729,7
597.0950021,354.6804227,41513,7
662.3408417,469.562071,74934,7
640.5294355,310.7034776,33476,7
721.4084392,366.1172765,13703,7
666.8268017,268.314747,19980,7
664.1580897,308.1825912,8457,7
692.9000994,417.7738446,194656,7
657.2655306,310.8064613,39561,7
719.1122879,398.2909916,104430,7
708.8646385,400.6530422,57322,7
637.6803132,434.1821939,28065,7
563.0799849,415.5474421,13171,7
659.7752597,263.0542479,16729,7
604.8431613,462.0131268,14890,7
651.2039,356.6252782,38335,7
700.5618341,424.3067423,22915,7
559.5190733,421.6034444,92565,7
640.6135423,484.1864957,121097,7
638.4864454,300.9622838,270056,7
676.250342,308.7958711,25909,7
681.0793973,319.9903673,13621,7
657.8465098,332.7255661,8249,7
653.0345644,376.7719372,38413,7
680.7534506,253.8084751,8508,7
649.3127678,316.5096377,60218,7
674.4184025,415.122759,59774,7
644.0839324,390.0572843,28886,7
568.6680973,289.7238955,33381,7
614.2681092,314.2553235,24696,7
634.0996008,314.7248658,18145,7
689.1118237,442.7801353,21027,7
727.5085942,365.8105947,14112,7
651.4961953,469.5922492,27088,7
690.8341723,373.181243,41869,7
664.7200207,315.8507688,24913,7
663.8091286,406.0370775,17392,7
703.5322241,397.2293632,80404,7
694.106116,348.073888,39105,7
682.8698421,463.0375622,17581,7
684.0316273,477.4199996,412992,7
627.8142402,387.8400598,10424,7
660.9261635,376.0568485,27253,7
652.7426761,338.452202,14358,7
630.1972736,316.5953389,65359,7
734.580793,390.4501107,96317,7
601.9241326,409.8261565,8689,7
619.0008719,288.1144175,52566,7
589.6693538,271.5064992,15566,7
693.8746416,389.2910509,34339,7
672.1672275,440.6085243,80261,7
661.9975599,392.6429423,27130,7
729.4757926,405.9007625,14972,7
602.7272116,310.0421883,9176,7
669.4031207,382.8008021,37057,7
603.2694689,371.5589727,25970,7
681.2596122,364.1922077,7915,7
680.8596374,301.3628127,33503,7
613.9333752,266.6331597,67103,7
623.9180159,284.8812775,5089,7
626.4750261,396.6983012,21757,7
593.6243166,408.4713522,8116,7
693.4102806,397.9102333,24484,7
709.7990957,335.3568365,19956,7
610.8449886,416.9676401,18509,7
631.8362565,471.9912149,13131,7
641.6002951,270.2459537,197465,7
640.1848871,364.3265396,46480,7
644.3576386,353.395438,18296,7
638.392839,264.3828996,12705,7
666.6656447,485.0363612,187020,7
662.8353375,328.8226976,15429,7
633.0348238,414.8413508,29450,7
653.2804552,267.268077,110768,7
685.4341279,334.2130874,73955,7
705.5716762,342.5693454,160645,7
604.8114279,342.4659554,40400,7
629.1706594,297.5718396,998954,7
580.7175767,438.0797651,41207,7
606.5194469,351.5507351,12245,7
652.2771457,387.2306971,37144,7
634.1082515,480.2636797,11203,7
648.4975716,274.8874411,34800,7
610.5857096,434.7349653,27979,7
743.1212178,352.6739847,54181,7
714.5639783,406.2721364,83593,7
631.7000273,400.6874195,26147,7
706.2021357,373.5091287,33361,7
727.2458179,393.4900145,25989,7
680.5053805,407.8284203,14564,7
622.7950508,488.8562318,23785,7
607.5931843,495.9199095,221578,7
658.6557976,510.4464286,23042,7
738.5463692,369.7732134,98963,7
707.9941546,477.3483078,151372,7
641.4178221,509.9333789,96318,7
610.7436173,425.8899632,21853,7
580.5857784,415.7334445,8997,7
671.9503734,432.4367514,10456,7
602.6633895,285.2187419,25529,7
709.0661381,427.0456162,43643,7
688.4539102,318.7484982,9531,7
666.2388272,417.3060212,47671,7
578.6921119,287.9464531,23370,7
691.5173511,431.0207147,15760,7
603.6580343,442.9952105,153716,7
614.8875254,467.4992771,20822,7
620.7473321,327.6506525,6696,7
627.2453015,480.1513467,20267,7
647.9796916,364.1242374,27815,7
681.1647631,448.7234173,13859,7
699.9056977,447.7288753,11667,7
580.5821477,452.8402666,9091,7
647.2721596,445.5536673,141617,7
630.9374636,333.1217496,13521,7
715.0081537,364.4923756,52796,7
675.581423,316.810896,15007,7
604.7185781,358.2825188,13696,7
635.8189133,391.1547237,10778,7
656.0370912,459.9565575,19568,7
675.8746803,385.865069,19593,7
608.9768695,377.3844895,77076,7
645.3075078,282.146145,30104,7
661.7879741,286.2596919,34242,7
688.3472528,359.5750386,24690,7
656.8697929,480.0502084,55834,7
646.6928148,290.6612364,17768,7
699.9032707,325.9326324,12690,7
676.682231,365.0999268,11757,7
660.0077898,272.0492928,14846,7
595.8784712,301.9914952,75990,7
621.862981,313.8597613,25195,7
689.7147478,351.2944541,49666,7
647.9544293,453.8914177,27503,7
647.9509481,303.0624189,14716,7
652.1804315,416.8653517,10923,7
720.4370823,343.2924801,11638,7
671.1336221,292.7467643,16233,7
670.6771947,389.1016104,25276,7
573.5979781,414.3767877,22609,7
596.0514482,447.2940866,16274,7
634.8785135,489.2471676,128026,7
642.668852,500.0506489,52779,7
661.9154086,398.69344,29957,7
687.9201131,408.649108,17241,7
682.0803842,274.9364938,107848,7
678.7626511,336.9295081,14339,7
582.4854485,426.5374597,24552,7
654.804063,433.7489008,23805,7
595.1384025,291.1710186,162642,7
650.9726396,461.7001597,12487,7
720.4871032,359.5742337,39839,7
684.0912795,385.6618343,54428,7
685.4519506,429.5240253,9045,7
627.1362173,274.0345707,5355,7
663.2765008,441.4092989,21720,7
663.9060373,450.2610884,17062,7
621.7963316,266.8646698,6937,7
582.8219931,406.7382283,22995,7
714.5796908,356.9333757,13801,7
639.8671856,471.5200876,40404,7
619.2853694,479.0790431,15625,7
702.0297616,479.6818875,297619,7
653.9777976,344.7443465,6813,7
620.6538883,351.7119845,17969,7
591.8865985,392.6656862,107118,7
575.1248449,425.9053786,7645,7
590.4822274,363.2314642,8195,7
657.5447164,469.4670978,55658,7
606.586098,271.5743632,28778,7
618.392585,369.5387813,17997,7
727.4293686,378.3721465,16633,7
631.9944213,342.3942854,42794,7
746.6458047,355.093876,48556,7
656.1635664,450.9024325,16491,7
582.9970378,279.2674742,7831,7
647.2542401,504.485538,432552,7
679.8995473,264.840628,16212,7
695.7493417,363.2563043,80956,7
669.0511524,376.0202144,26075,7
702.8838251,336.3759607,17327,7
659.1739301,420.0541549,8547,7
619.3992725,274.5044846,16430,7
672.9796684,405.8993104,36989,7
723.9079412,403.8374873,118572,7
704.1912107,411.0146652,658431,7
602.9241027,329.7299067,26008,7
672.1553127,299.6266936,6721,7
620.9299572,436.1280838,7759,7
711.1023106,434.0921454,54571,7
596.2056055,418.2472584,5368,7
638.2468473,327.9390961,12363,7
612.0571089,443.8162269,20725,7
644.4702717,326.2862422,75674,7
656.7219593,277.9399969,22363,7
667.2381562,273.9938353,53873,7
651.9666259,323.6699602,17808,7
599.9264956,278.8286365,8840,7
620.0667655,410.0261464,13008,7
628.720625,453.4368765,9604,7
630.1187248,356.5295623,42090,7
586.0101152,460.7624782,39566,7
602.9667351,504.3154964,57986,7
656.2864481,295.4499497,39437,7
627.7225694,382.4739223,28258,7
663.1652314,385.784809,22232,7
599.1409852,434.8495593,22721,7
617.0282423,400.3841235,19019,7
587.6239958,313.7645859,44002,7
607.5877177,401.4322651,77435,7
722.2608086,338.8101953,7861,7
642.9376395,425.9528396,19198,7
666.3886857,259.6509907,201081,7
597.5333198,472.4029858,131613,7
741.7018841,377.9508784,39628,7
635.0426992,426.24768,9375,7
683.6900765,399.3141866,30776,7
615.3452457,503.6314548,73240,7
665.3751285,324.8611584,4470,7
606.8551012,389.179492,68356,7
675.7989438,298.9764517,11947,7
627.5329212,486.959525,440170,7
641.2604101,319.0511578,18971,7
696.3396447,319.5247292,23842,7
615.4558735,282.0464305,18516,7
621.6341305,444.6672943,12093,7
711.5282264,343.4752954,7870,7
562.7775081,409.0827639,17058,7
631.5819067,494.9480009,107215,7
631.2038788,271.9399558,35547,7
597.9898318,380.7913192,113237,7
688.5073222,343.1628064,172331,7
569.5848736,424.8738219,43462,7
698.0526227,433.4509509,10591,7
737.3083677,378.0409939,102599,7
677.5217382,292.0638498,16833,7
590.3801851,378.6188479,21273,7
617.3794759,434.8474607,11604,7
638.0515936,445.7858703,245284,7
615.7493361,295.0911879,32513,7
612.2327278,366.2752274,36647,7
620.2707025,391.0054371,8149,7
707.7101451,356.8034608,262604,7
637.7849719,399.3700597,8223,7
573.5452694,404.6162396,11291,7
637.8506236,292.3742099,269279,7
587.3395636,386.0254008,10445,7
632.3273212,297.1845246,319294,7
672.6912398,424.06683,11545,7
695.422865,406.0856641,67023,7
690.7829563,313.5469123,96656,7
734.3883622,375.9917692,63942,7
597.9407747,318.2006234,52274,7
623.7293851,344.4727923,14100,7
686.9262622,306.0261047,59689,7
675.2787943,476.3842885,22578,7
665.9532591,478.8507155,17786,7
639.0229088,496.5642766,45924,7
620.4441853,453.1255036,5252,7
713.1745565,390.6270182,93019,7
662.7038781,433.2037505,29676,7
594.0790958,370.92306,17295,7
608.8396897,277.9957491,10167,7
731.4091093,359.9608756,12876,7
600.3540201,484.0250246,33984,7
613.0321471,388.26881,8715,7
690.1354258,457.2314315,25833,7
625.9959552,293.9383976,360462,7
640.612136,338.5081988,29968,7
646.110764,471.8362472,15443,7
732.6437476,370.0177309,336463,7
686.8812112,298.7201562,12845,7
646.5073316,344.6163523,18956,7
681.5772479,307.7091055,179702,7
587.2701839,435.5980445,17195,7
675.3221742,269.7671101,18576,7
674.4384987,257.8945877,81611,7
686.2945907,380.9471377,92709,7
710.1373065,369.594991,6362,7
742.4528616,362.881179,52266,7
573.5794162,281.5526425,9295,7
696.9913501,334.211465,26835,7
562.4913576,397.741605,20662,7
628.9047252,444.1151179,48770,7
590.8261103,354.8664476,16653,7
680.019056,343.776137,13324,7
660.6024849,357.3186245,49683,7
718.6941512,335.5193125,10963,7
697.6563848,373.0563227,29485,7
704.3784637,467.7289505,38319,7
632.3237446,324.5609672,12226,7
718.1899425,352.5183076,18723,7
702.1246212,365.8541619,30617,7
702.6249883,389.788894,119490,7
683.3719216,373.5898511,17021,7
659.0412267,487.6559871,43929,7
667.4321366,370.4658168,17131,7
658.0985512,413.4585697,10253,7
601.0621735,363.61076,12394,7
624.0017759,323.1251097,10630,7
617.9677629,496.8932972,52160,7
295.2099041,51.44966775,2339,8
202.1410674,157.5265963,27038,8
219.8025631,175.9189289,22374,8
252.9800897,216.0706482,231236,8
281.5571346,122.0684204,89513,8
309.692694,52.54182785,16096,8
290.5044117,95.79370714,1891,8
279.6635069,101.1343936,5612,8
253.1553967,169.4245869,45607,8
268.5919844,79.62770969,63395,8
237.2597297,99.06375614,40212,8
349.2445172,146.2115793,29116,8
342.1143526,65.55035699,4253,8
212.126674,181.1715509,77230,8
235.4763408,126.4092276,7936,8
260.0526173,107.7710323,34200,8
269.5750861,227.5346138,36324,8
274.4288568,64.40343958,6073,8
268.8515462,123.2453199,7691,8
330.880674,150.3310655,11668,8
230.8455369,174.1194097,20069,8
254.2883222,125.1919697,9246,8
306.7910259,101.6160297,2168,8
274.5120999,55.3258369,6153,8
183.7862318,146.3563271,188922,8
251.0513632,229.473422,1029640,8
326.9595129,59.46892762,6491,8
258.2310402,156.5385031,26140,8
242.0298304,155.406515,2891,8
247.3367674,49.97218413,90928,8
371.5930154,134.7161059,1743,8
346.0164651,188.8674108,75450,8
279.0022005,194.1292892,18106,8
265.359454,42.27709949,13399,8
313.8609572,181.1340318,40123,8
253.6319461,181.7913353,82839,8
319.4403111,85.09267972,11586,8
267.5629044,193.6674977,5986,8
226.1612817,139.4005013,4368,8
270.043493,103.3793974,11406,8
265.2655606,182.8262879,6963,8
355.2342965,88.44599899,1206,8
341.3713037,131.3769319,12865,8
185.3389653,137.2863053,22623,8
212.087522,167.8827495,15464,8
302.5439017,117.7557088,3651,8
254.0190663,102.312715,9298,8
354.9473484,114.5111145,9233,8
191.5958295,136.4375499,16719,8
352.0376842,163.8588864,8569,8
302.7784385,146.7291305,28205,8
286.6030425,79.54473402,81327,8
293.2723228,186.144597,10247,8
258.0509424,205.6196092,112656,8
333.9703146,89.87789112,494,8
310.3881561,121.6193627,9117,8
187.4535223,169.8375116,11526,8
329.8204387,104.3161768,4538,8
249.3451713,222.0167003,306476,8
316.709549,132.0438452,10078,8
277.1328863,219.1498133,21118,8
223.1653569,169.1822427,5208,8
330.8628944,116.6011914,147972,8
246.6361905,192.3626734,4286,8
243.4493251,179.5794625,7817,8
249.5497431,93.56926025,3079,8
285.6616059,47.56692496,5324,8
207.8824775,124.6884554,9862,8
307.8965687,214.7235519,43806,8
214.5552536,156.3356944,1117,8
259.0251495,221.0026297,9469,8
339.9508609,218.184744,15885,8
267.6012191,158.463725,37536,8
316.3159483,105.5616592,884,8
202.4617294,141.3008703,7028,8
194.1245587,118.4525836,3976,8
190.4804955,151.7390739,392365,8
187.0916529,127.0317164,10198,8
320.5417468,167.8311201,4812,8
346.9105247,113.0533534,718,8
333.1963804,165.3232323,8533,8
266.3771719,209.8041148,2264,8
275.1545807,160.5595255,10170,8
389.4410091,133.2377202,1160,8
228.9889217,187.2383818,22952,8
258.6502293,194.9079995,12786,8
301.7535334,67.59990301,5813,8
265.6187361,167.5244766,104234,8
271.5029606,148.5615154,13242,8
362.6594008,64.89083548,7369,8
302.0007713,87.35495188,2072,8
229.3567336,162.0593186,21376,8
259.0580466,83.59760463,7027,8
234.82835,206.4406037,49975,8
370.1567541,161.4460258,46133,8
258.1402279,145.2367961,982,8
285.6544455,158.0603537,21294,8
293.1080357,122.6394216,15634,8
709.8567033,129.504245,32694,9
698.8275292,166.2101498,11539,9
696.8578069,108.2624095,6631,9
726.2474692,131.1514398,13376,9
698.1091678,190.0540177,263788,9
750.6102804,190.4686715,840978,9
706.8997954,141.5583836,23580,9
693.6960612,151.5982004,17525,9
693.650522,158.8365063,24733,9
745.3646966,164.3832083,33118,9
681.0463446,111.1073547,9511,9
701.6844398,157.7532992,32732,9
723.2782693,171.4606103,83629,9
710.691799,197.6516868,59173,9
713.7206542,189.0889004,63905,9
699.9443157,176.3161282,48460,9
734.2896784,194.6118007,180964,9
733.3205745,145.8308431,10942,9
709.6911406,156.8719554,14849,9
723.6217201,139.013504,9765,9
729.7444208,177.8767907,200169,9
744.4399339,181.7270321,88319,9
711.0158433,180.8085473,63342,9
733.683942,153.5072844,25887,9
730.3251622,160.8291412,15899,9
686.4565247,116.5188043,8485,9
691.6104591,166.9588408,28705,9
705.4930261,187.9782119,602611,9
706.7519213,165.3552429,23528,9
707.8427651,136.1289791,25946,9
700.7772687,198.8794455,111403,9
705.5788963,116.2579302,11113,9
724.5864136,147.0083862,8640,9
732.4400376,137.9322336,29598,9
695.1624421,182.9462985,172169,9
697.0676754,143.9204728,21708,9
749.9782346,173.3635827,43114,9
721.6657527,188.1496508,75382,9
717.650204,155.9990133,24449,9
714.5843219,111.6646609,38520,9
715.6520359,172.5266642,70311,9
736.7800263,184.9627472,425787,9
729.3250408,186.9953269,70648,9
746.3704673,200.5700215,1820537,9
720.648854,180.0969551,42476,9
739.9357283,173.4555133,55729,9
716.6929916,147.964693,14074,9
692.0392636,175.119787,26570,9
714.6739329,164.4926924,30926,9
729.8410354,168.8756376,107771,9
718.6588554,196.7133735,107759,9
675.6925406,123.9545725,37069,9
701.0702999,150.2063125,86986,9
722.3027262,163.5484363,25692,9
707.6797314,173.4436236,42798,9
726.486277,195.7446594,280895,9
708.8252493,148.859265,17153,9
715.9125002,140.1034798,24164,9
726.6703587,203.9302974,160241,9
743.0369422,192.1296909,1202362,9
725.6244717,155.020991,21699,9
754.0570673,185.1739106,163035,9
716.2246704,129.6421028,26151,9
92.8229326,227.7856707,98764,10
74.20037185,229.646593,94737,10
65.23600116,223.3388258,21419,10
138.8014258,211.5833261,6753,10
62.70648145,253.0756585,1048991,10
71.53578733,202.0115088,63463,10
49.9116502,235.013027,483878,10
128.0294165,254.0098289,4772,10
63.15096536,270.5167121,1781642,10
92.72485519,240.4557398,181058,10
118.051619,203.1294706,421407,10
60.55418047,185.9256388,13786,10
113.8912471,229.9088349,4010,10
159.5391126,277.7251352,43946,10
74.17403123,256.4858315,685303,10
107.9924859,235.5464286,55274,10
108.0850249,306.3518324,442179,10
94.12619669,210.4594122,20007,10
74.97555399,318.463433,269637,10
102.9121913,200.3569271,34895,10
93.49733109,344.5905709,823318,10
56.13416521,221.9919006,64665,10
134.5079365,231.4200083,24877,10
56.55334385,272.7601628,262382,10
48.03597678,180.6578848,134620,10
52.74040012,254.5174294,805235,10
97.35218153,222.4646544,3240,10
136.0483816,306.1025823,18546,10
173.1938474,229.5911599,1987,10
59.4974976,238.6409344,136484,10
90.10860707,247.562866,38091,10
89.26700031,253.2668824,45578,10
65.6137434,295.4456369,415057,10
77.59482334,265.302047,514453,10
69.49000011,286.8185781,55269,10
95.60938122,290.1627088,930450,10
193.1479783,207.4653176,48818,10
76.03828372,340.4203763,423895,10
49.94964086,245.9640969,252405,10
103.7878861,326.0065853,839631,10
149.1671236,192.7882469,16528,10
47.60043208,212.0169034,87841,10
116.6318502,266.4474296,14202,10
79.77674449,214.9101282,220000,10
61.78209887,259.3124573,1510122,10
117.3552702,240.3447689,51980,10
81.89823582,225.4449504,72155,10
90.0298512,233.5755362,348432,10
68.26020832,236.8626092,200849,10
89.27138931,304.7722811,152980,10
77.35949421,188.945069,177223,10
106.0306665,176.0863555,9686,10
159.3602802,228.1262469,5775,10
109.6053361,242.263513,46997,10
137.7788361,276.8884484,783,10
97.21451365,278.9750774,150865,10
104.0467042,247.7618861,1175,10
96.92135141,270.3796619,18251,10
74.35473383,245.4950146,1418788,10
75.49285673,168.3240954,44900,10
80.12170934,275.7496818,255793,10
65.20433582,213.2453374,28122,10
52.61714448,262.7074778,718451,10
64.14523461,245.3300366,413342,10
98.6349616,260.9919714,55365,10
829.6177756,304.4272535,74898,11
731.8443578,269.49467,368111,11
765.7905788,333.6119115,6819,11
790.6293458,310.0688406,22113,11
892.6866875,317.2087528,40661,11
766.3984888,242.4946775,60921,11
742.6715938,285.6712509,8488,11
723.9250063,299.2421386,42074,11
906.3471801,328.7361744,33920,11
823.4791536,226.8944187,88880,11
786.026744,254.1496602,14645,11
714.1583463,294.370109,110232,11
733.6051821,218.2415364,42694,11
858.1307908,248.3797461,233385,11
743.528017,245.7611686,45858,11
751.1900421,264.2103466,29030,11
735.035424,242.8026029,45949,11
878.9789186,311.1631866,8582,11
773.9953288,294.4676181,42481,11
890.3555822,308.6492624,222209,11
830.8386927,343.2213142,141752,11
828.1569924,360.9623523,26948,11
783.0824096,238.9596622,92582,11
696.1279999,222.4536762,266931,11
830.5512363,352.3279017,27798,11
683.5082778,237.6425216,33459,11
884.5468717,309.4843785,84585,11
801.6817606,230.1121434,170518,11
723.0771743,260.5640605,68917,11
779.3507579,258.5131737,15054,11
790.2296637,340.8085689,17797,11
729.234489,333.6862076,10272,11
862.1874286,273.4082387,128961,11
865.6219624,337.0325544,81234,11
802.6421619,276.9643137,14523,11
696.9806473,258.928158,56640,11
818.3993109,235.7131115,365169,11
837.3823707,256.4244758,23964,11
840.017546,267.0558066,41993,11
805.0392479,241.1049687,207820,11
729.8592943,327.5214836,17565,11
691.9778251,276.8803596,21575,11
747.7755023,300.4906772,26499,11
769.7301474,319.43471,24519,11
884.4058947,347.9370225,103505,11
702.0674856,248.3661969,82752,11
750.5550342,292.4088886,14348,11
806.8230882,324.5550329,7042,11
696.9419664,265.5785466,145448,11
711.1382022,231.6440801,33292,11
786.5156166,261.9561805,61778,11
841.6448404,341.679621,63505,11
812.2754049,259.9778986,16895,11
804.8334932,348.934091,154358,11
799.3069481,244.4128456,44443,11
697.471752,228.8924525,47051,11
786.0128773,336.1017366,57424,11
768.6121475,220.8312149,301356,11
770.3265536,335.3593622,56833,11
776.6778717,250.9949404,86067,11
810.4315715,271.1405549,24254,11
870.7863256,261.82997,863416,11
693.6082568,298.9151511,41889,11
872.9468225,249.8344275,620892,11
871.1963769,364.353795,52217,11
866.5724777,262.7346869,139966,11
772.2612495,355.9613299,59036,11
789.7869289,287.7146937,193059,11
900.2880723,269.6075677,51454,11
844.0220213,257.3262188,78305,11
733.7543019,211.3627248,99892,11
793.1238439,247.2125368,70400,11
744.1262112,289.7494043,2282,11
882.9257887,285.4674656,11391,11
843.4333912,324.8597404,39464,11
786.9176703,267.276231,86956,11
836.59596,277.4300669,48914,11
868.1167672,313.4604457,12243,11
797.3223937,283.4941007,9386,11
702.8130241,311.9200842,20059,11
842.3114302,301.4610577,14973,11
803.8166937,336.0148788,69340,11
733.2637993,275.3154302,802374,11
809.2373847,211.8738111,54984,11
842.3612045,316.1033844,36241,11
888.8150325,304.8040686,95535,11
721.0447724,290.4410416,8809,11
727.7197918,343.3367959,22083,11
802.4887549,286.424354,26233,11
795.2992115,275.0144987,7627,11
817.5704124,207.9938292,7716,11
894.1120714,315.2531218,9980,11
722.3262393,253.6599913,26171,11
786.0522119,343.1628109,15579,11
872.9468914,371.6916542,202665,11
768.7265531,290.2705516,49542,11
733.3913385,288.0607859,24662,11
891.7435154,274.5460975,26470,11
782.4998048,331.5933612,156823,11
691.3462478,268.3330333,37963,11
848.365055,269.2366806,7373,11
861.853515,312.4535495,17434,11
868.6299511,354.8070297,58505,11
784.4085291,213.2140238,93389,11
733.6043917,351.6991899,56053,11
836.7242882,239.8253921,49762,11
715.3491666,252.8352977,117671,11
871.1126835,341.2584485,21362,11
742.584357,317.22269,17056,11
742.9967118,222.6792593,125488,11
867.1277633,252.14134,287085,11
837.2649396,228.0952414,127083,11
794.6932517,322.3624551,32208,11
770.8798163,363.1815101,40271,11
766.6189719,249.4196396,166492,11
724.5605577,332.7337031,6856,11
779.4329455,279.5235631,27324,11
873.6707227,282.2253353,11151,11
791.9962571,263.116108,7605,11
835.2646539,302.3266331,75568,11
764.0139822,286.2106257,36892,11
815.7965857,316.7913016,15279,11
713.2901749,289.4798043,24181,11
784.1036347,248.0393336,40087,11
800.9247104,215.5404943,116638,11
810.7677864,344.6945795,159437,11
826.150298,320.9311496,54151,11
756.6785704,232.964501,43784,11
777.081407,310.1088432,65020,11
716.0823909,259.7437728,49462,11
725.8331387,310.0356425,11717,11
719.4370246,328.4775559,10099,11
887.1906695,267.646888,32618,11
753.2251918,281.2756549,28533,11
756.3003976,330.0620171,28691,11
827.7881932,263.1578266,11937,11
688.7276087,251.8196823,172780,11
688.8489965,243.4988581,24643,11
765.3606077,257.6500183,146156,11
870.759101,318.7347842,22099,11
703.7854095,252.28124,15936,11
699.3941325,287.2400479,46134,11
823.9262722,314.1205767,56159,11
748.0750657,315.2150724,13494,11
689.467984,291.3925466,31648,11
803.9495887,301.4221957,13927,11
796.9375288,260.1067365,9208,11
800.9366782,263.6578662,8202,11
677.8400334,228.2685713,495997,11
790.1103651,271.1868516,5717,11
698.6753608,272.0642846,68894,11
826.0200743,321.0165538,13821,11
704.8395175,229.8825097,77358,11
792.9274503,223.7127295,238823,11
820.9436081,334.9920589,350670,11
756.0196942,295.7239134,23332,11
745.2211618,268.4198535,42040,11
692.8204737,215.1750871,156813,11
773.2406421,341.0485273,68831,11
855.8150746,258.4090346,312311,11
810.7313368,253.5566628,96189,11
733.8074208,341.8236888,17959,11
728.5800867,303.7681155,21421,11
764.1205961,306.4931258,13333,11
708.6022775,213.9353993,61290,11
751.2180502,256.2651697,43435,11
854.3359305,267.0787278,65203,11
826.990239,273.2447501,7695,11
698.5872911,235.4470799,20836,11
736.0232869,306.1979222,48586,11
843.4766521,240.7438236,14845,11
884.9866974,300.1088128,180719,11
754.5775992,355.288058,123010,11
810.12267,302.8906445,13502,11
736.2449592,261.4642407,535153,11
850.7624725,253.9581454,53498,11
750.6320809,297.6897698,11591,11
830.3779265,295.0157343,6650,11
739.1016531,268.8494445,212693,11
724.1135073,288.3335198,10811,11
698.4155297,279.8839695,137974,11
720.7584354,278.7712811,28818,11
849.6350244,348.0961458,114678,11
817.5656444,272.8975418,29405,11
821.9121622,307.5489903,97032,11
704.2129117,257.6529765,274569,11
764.2790123,326.1238216,29278,11
742.718374,209.392897,152016,11
703.840801,221.8523358,197537,11
848.1369122,365.6025621,134168,11
768.835548,297.1664931,15860,11
762.2047443,296.2992361,7852,11
725.6275157,277.2535361,50047,11
775.5054198,328.3381047,23177,11
740.6937169,277.7987157,197363,11
734.6004855,331.5399266,20813,11
784.1616495,321.7071386,28897,11
774.5674771,322.6837528,3958,11
846.5499116,309.9364227,12586,11
752.2119313,227.1358148,56745,11
776.3514578,216.5580426,1280122,11
690.5527595,283.4315331,33165,11
829.7268441,334.6374836,488406,11
831.0177036,255.2651429,28212,11
716.733591,212.9297102,45245,11
813.7460846,264.9867039,16589,11
762.1044461,292.0920525,27720,11
805.3182579,352.6654474,78265,11
737.9472103,286.1452536,14877,11
770.6254096,283.9391747,62444,11
814.2930245,311.5000757,94392,11
808.9096205,281.0199042,9154,11
741.8174955,297.0988452,19985,11
735.8756655,247.9760096,49423,11
769.6507609,269.2255352,13435,11
867.4704012,260.4609742,601723,11
864.7519741,297.5111301,316236,11
703.4763783,264.6147987,903391,11
749.8688167,273.1442087,43589,11
774.6775772,321.7339463,41452,11
705.276391,318.9324141,25746,11
711.9160806,225.6859718,47536,11
795.090298,266.7983303,10449,11
791.7480939,278.3422864,14926,11
732.9948477,302.3675028,24939,11
828.7150847,293.9516408,7042,11
743.9560023,251.5535878,40097,11
816.457692,340.8453405,41240,11
821.6025963,263.9900047,7141,11
760.5808073,340.797316,22657,11
690.7839814,230.7269781,23363,11
816.8296872,245.5190948,136606,11
799.221538,240.1533151,24069,11
700.0483446,294.1621123,19840,11
776.7842439,348.0749626,20764,11
863.1802086,255.6565701,971777,11
743.3248161,231.2037596,74782,11
787.2131979,326.4696093,54876,11
799.6457217,272.121654,8693,11
773.8869341,278.4609159,30934,11
771.9729432,256.850753,36058,11
783.8619972,346.0379216,17818,11
864.0781087,261.6556678,12332,11
720.3006971,321.8082468,11258,11
758.062158,253.603273,1163414,11
716.2568591,305.5985433,74319,11
784.4686372,300.1899429,36743,11
871.8181329,306.9923023,12087,11
880.5612267,296.5289791,14068,11
863.3526368,331.0048008,95840,11
761.9916377,280.8811613,79499,11
823.3023907,215.8266245,45200,11
770.4546049,309.1682683,39451,11
788.9639738,234.8588853,28828,11
844.4840536,278.8542591,18403,11
863.0643978,262.4144124,1081726,11
837.2597824,306.6589129,54842,11
834.4547803,284.3619776,23746,11
718.6877338,286.8309646,32428,11
875.2887965,287.2348347,6945,11
876.8564231,281.1977929,9254,11
813.7243151,356.8533628,919628,11
805.8633876,270.078294,16372,11
844.2230665,372.2778368,32062,11
694.1832588,290.8473012,10334,11
773.4114117,224.179516,172332,11
765.0809916,330.0656494,25587,11
853.2769624,316.1734328,32727,11
716.7772221,205.1640651,136146,11
818.3507139,352.8646655,178011,11
782.4366912,359.5609038,106740,11
800.9115939,222.9301525,91108,11
753.5236921,239.4992644,66501,11
743.5037988,262.1251223,161573,11
836.347999,275.7921943,76314,11
729.2313639,253.4394946,52959,11
707.8179634,301.2269649,39364,11
722.6044302,303.5207579,17061,11
879.5481294,296.0785367,67009,11
858.9538398,321.7324667,20972,11
782.1689912,284.3263526,55485,11
725.3117208,265.9590337,7516,11
778.6842569,272.1029859,23770,11
735.1969332,231.7238175,34499,11
844.130029,285.4045195,98970,11
698.4683457,305.2092198,19338,11
847.1960176,275.5006959,13308,11
857.2147756,290.6792472,21717,11
860.3442747,264.9834096,14273,11
730.7033071,281.0669031,118811,11
724.648639,314.6250911,19820,11
799.6040584,357.1407067,98075,11
711.1524338,219.9992557,37128,11
728.1398174,225.6320684,39037,11
715.9144073,246.9439482,12766,11
839.0555157,351.3157465,88247,11
874.4503736,292.2989551,18429,11
712.2078325,239.0236124,37124,11
808.5612414,223.5946699,183862,11
787.9241143,295.6381138,24628,11
715.3477239,301.1677405,741084,11
759.2516421,268.3628637,78043,11
800.6765438,255.8120681,16583,11
754.3338729,320.8072423,21730,11
882.9197334,281.856833,12330,11
868.0492613,323.425497,54691,11
886.4842237,291.48555,8978,11
756.5702326,287.2827685,13870,11
865.6819628,261.2228751,207627,11
833.9392426,316.9777594,63506,11
846.6855681,332.5346697,267587,11
842.9593738,249.4683306,17541,11
887.8162686,321.6270854,14793,11
858.1547866,342.4797118,168878,11
727.9390798,244.2926073,40814,11
729.7567275,262.4967886,42270,11
744.2623718,256.5254672,138333,11
724.7799323,212.6299002,46688,11
728.9817733,285.8096444,8589,11
725.4099909,284.5376841,10613,11
813.1796308,335.5225961,38406,11
801.2010112,325.8997334,15533,11
768.1289697,231.9810322,53139,11
798.4419132,234.6423236,30676,11
824.5198105,281.0821449,2321,11
719.1569708,224.8373188,42223,11
784.2713782,313.4731693,24098,11
751.5698506,217.6130007,41428,11
750.1302501,305.1747352,12613,11
809.2084608,314.6121045,34872,11
753.8220765,314.6509987,4755,11
746.8516944,322.6132363,58849,11
881.7909277,305.4613317,35270,11
803.0370222,319.0777211,29235,11
864.3111609,245.4426257,167134,11
753.0127436,348.2351806,432207,11
873.7368068,296.1935631,7256,11
713.9597293,321.7639414,18199,11
890.7571372,320.1008645,13453,11
780.3345228,293.5756967,21720,11
876.354194,310.3930808,18570,11
759.6989398,274.4352308,28709,11
700.6183668,214.6819043,52293,11
759.0811308,261.4052857,55698,11
751.1041831,221.6243423,60944,11
836.8234525,325.95472,23719,11
706.8310329,239.2422028,32886,11
829.1458533,293.3118746,22307,11
830.8309251,229.4234944,143679,11
804.5289001,342.6434311,37198,11
707.6016185,324.5347729,12161,11
739.8724473,346.510632,21987,11
851.756621,296.4211505,10052,11
736.3236654,237.4922206,106331,11
720.4864687,309.6157722,43437,11
756.9800739,246.4035207,174214,11
723.3568122,271.2233231,23087,11
865.4240502,293.7359636,204214,11
864.4089611,288.3945728,99863,11
871.2641067,300.5641589,35725,11
890.2376413,345.268724,13144,11
744.5559447,239.0492364,32058,11
774.0696022,302.6378264,12929,11
843.7429381,346.4013108,57866,11
824.9944487,253.6796293,30097,11
792.5566283,254.1852889,14642,11
725.6123095,325.2841371,18656,11
818.5801745,256.2310133,33518,11
871.9212414,246.9325316,805024,11
696.5044853,311.1822504,8565,11
750.1904629,234.1531437,22615,11
808.1525247,308.7649327,17286,11
767.9748541,314.2648936,16346,11
731.7321745,312.2481628,28432,11
760.4202268,321.1866145,11310,11
748.3651462,345.7985505,75129,11
703.0120738,241.8730464,36903,11
762.4798943,317.5768432,28712,11
834.5204633,264.4755012,14025,11
731.011315,307.928097,21331,11
896.8357704,327.8425188,4407,11
870.6408494,331.0911735,56550,11
690.6683708,236.2758796,13402,11
893.2911932,352.4748387,66469,11
781.1810644,303.4469901,26839,11
849.8758249,288.9721743,25691,11
799.471468,249.9028034,33107,11
837.3464675,285.8514389,21006,11
736.3747903,254.6405193,102506,11
886.242871,337.8673388,47759,11
739.0391778,292.0322628,18846,11
743.8112286,302.769942,35613,11
725.2469512,293.7342495,15416,11
834.1478814,359.1298565,46639,11
792.4916173,356.6624208,67810,11
762.5373611,345.7790884,51407,11
849.0843091,247.089766,147423,11
867.8110204,275.800548,23584,11
866.3896105,292.7807045,306935,11
815.8058426,223.3706385,68941,11
833.5824148,284.166161,73750,11
763.5512881,233.8160234,124475,11
736.0564853,316.1549097,24742,11
715.8136429,267.1796347,17392,11
725.8587313,220.246193,37642,11
820.1117516,307.6955022,24802,11
762.5048481,359.2636662,13981,11
795.8697496,347.8605711,90912,11
736.7155577,280.4412335,90336,11
693.9992497,246.7331355,20155,11
827.5552109,242.3050412,77742,11
719.345124,295.4781235,60316,11
858.41532,364.3828182,35186,11
846.6231046,295.8747005,17146,11
741.6349246,339.1870798,22228,11
797.5538688,342.9123366,83029,11
738.4695036,323.9911921,63063,11
722.0056377,239.8723541,34387,11
680.9768614,247.4316687,8854,11
707.1600462,284.7245661,42376,11
706.4707295,307.082203,28602,11
748.3288599,339.0513613,40716,11
776.0112741,243.1274916,36901,11
857.9940661,299.7661965,12690,11
759.803466,220.1052854,77074,11
788.7817433,360.2050294,20510,11
849.6101186,303.2999168,23368,11
808.3141298,256.9139385,56418,11
847.0029814,251.2922121,104169,11
861.8333453,275.5830936,24286,11
747.7617547,287.2544738,17490,11
897.641258,281.281069,33164,11
849.8411266,325.530694,59916,11
742.4736181,216.811438,441813,11
866.6066395,375.6497071,107431,11
811.690751,312.8987149,16408,11
834.5285077,249.8625064,75087,11
875.836325,337.6112453,168148,11
859.7562407,265.8931521,402002,11
842.1303548,332.8089708,133801,11
754.5137269,340.9002124,19109,11
687.1373906,275.4663606,26890,11
809.7163118,322.5618098,30042,11
883.6891595,296.8577426,65464,11
798.6651,293.4858439,46039,11
792.2554703,216.591548,210312,11
718.4174945,219.1634455,34185,11
701.6672705,300.48167,10713,11
752.909989,310.5489198,7887,11
881.3952889,325.2807428,21282,11
727.869261,236.8007134,28744,11
800.8940391,314.728676,6824,11
802.2813981,198.8747975,280566,11
820.4995356,307.816533,92376,11
897.2283514,259.7605866,197145,11
723.9463068,319.133575,24512,11
816.3773955,303.6090231,5190,11
784.0533333,328.8478638,17835,11
761.5527912,351.8680953,89889,11
884.5400614,315.6233759,12197,11
742.3245584,308.8939041,82916,11
846.2724099,264.2532471,37575,11
797.0841633,331.5815671,27281,11
859.4785972,265.9574787,37821,11
887.5785709,298.1221346,12150,11
759.6890791,240.264892,34827,11
741.3825717,332.1913614,18306,11
711.1724291,298.2075461,74578,11
793.3312938,315.4204983,45078,11
838.9137238,292.193075,15020,11
752.4468062,327.0808502,31883,11
782.9667483,208.9434881,230041,11
777.2125528,265.7297603,64757,11
768.6137,347.5561429,35662,11
815.7222129,200.8220685,41815,11
696.294959,253.0927133,33224,11
819.4984441,295.6905303,16250,11
716.8538278,240.9705776,27636,11
865.5224086,345.1022227,122623,11
860.8840219,355.6771377,63431,11
769.0725157,263.2062451,29380,11
889.7752945,329.424832,13228,11
765.1942866,341.8358991,62544,11
842.813454,271.7845801,24042,11
810.5147748,292.954589,35480,11
837.4382353,368.7019148,28933,11
802.2638129,206.149849,88765,11
857.554528,294.81765,28046,11
877.0347866,272.2488646,105149,11
809.0034191,233.8996387,1223348,11
709.8622091,255.0002299,131636,11
753.7938471,301.9418104,6306,11
806.573725,356.877473,206077,11
877.665122,301.0298707,7058,11
865.7977063,281.7257456,28545,11
760.2156622,301.6947767,13923,11
857.4827643,329.8110724,60619,11
820.1855354,328.5901061,47401,11
756.6030993,335.9384013,32213,11
818.0557446,322.6013823,18490,11
812.0395707,329.8368367,73673,11
854.5324107,309.4447385,12914,11
888.1707495,300.3817123,137436,11
828.7313143,327.2801223,93643,11
731.6374079,337.4873483,5077,11
778.9484718,317.9544796,15903,11
872.245476,288.2097405,15935,11
817.2501325,282.5070229,8719,11
793.8347016,229.3936784,107841,11
726.5521573,281.6169369,6128,11
895.3225353,291.6283205,12389,11
868.0485307,299.3604592,17411,11
823.6403477,300.7730245,33148,11
852.2492903,355.3471305,319431,11
678.7646476,239.2014736,14244,11
729.9780892,291.2352219,10841,11
894.9804759,306.5155016,437994,11
834.6037381,321.6841148,43055,11
737.3169448,310.7538064,16912,11
835.2502819,297.3452751,32353,11
864.947361,304.4718937,28001,11
717.2401867,315.7842703,14193,11
793.9120788,336.6501985,51079,11
729.8724072,298.0050158,49285,11
734.0666152,281.1676811,159720,11
815.6963794,215.2409593,39988,11
735.0182074,296.1542094,47173,11
824.2478091,353.9456105,60582,11
797.4350185,300.106897,78859,11
710.0800637,269.8865912,44436,11
707.0306967,292.3556985,28262,11
845.8436027,258.214179,26203,11
718.8799925,232.1098619,355315,11
726.9633083,230.4322086,19614,11
822.4576563,289.1433164,4731,11
844.1704104,357.3304935,46952,11
721.6151495,247.1729715,21253,11
857.2619372,304.151149,15853,11
873.0742973,346.6580569,59495,11
785.0989506,221.0844544,161419,11
853.0756302,273.421272,46689,11
775.0477472,237.2482155,42366,11
774.5095978,230.9674166,114520,11
714.6564052,281.9153863,28515,11
781.0520436,341.4133034,18313,11
868.570008,300.7480681,32420,11
689.6633673,259.766327,38124,11
745.0605934,293.919869,7135,11
710.1047384,246.6339533,70061,11
791.0887985,207.3993114,101497,11
778.7372346,337.389191,122979,11
898.5193533,314.3450819,23547,11
806.9765027,248.965711,38686,11
836.9791925,334.065176,151131,11
819.413672,296.0377088,5960,11
720.7048711,265.8750364,24277,11
793.2393756,367.7544022,284304,11
879.9396123,330.8190604,24505,11
697.4494176,242.3316177,38966,11
894.3754433,267.2188614,98733,11
761.2884085,225.3206054,59626,11
852.4819945,278.8516707,33481,11
795.455023,238.2998221,69709,11
790.3385866,241.0637216,15864,11
800.462929,308.1332056,62264,11
711.4981516,312.6268141,105543,11
777.1530742,363.6041812,33090,11
870.0313285,269.6461132,146551,11
859.2944971,279.1321949,122397,11
879.0366472,357.5036741,177679,11
899.6079745,336.3313295,5810,11
748.1717377,308.7101826,14672,11
707.8245246,206.2029053,250331,11
806.5249219,262.6012626,69099,11
789.7131606,349.6756948,44996,11
790.5701408,332.1510203,18244,11
683.3834034,227.2817874,164343,11
709.8553752,262.9717444,70002,11
840.0010984,362.3226507,36152,11
783.660515,229.9075336,375586,11
799.8143281,363.9318513,55342,11
851.7707384,337.3863329,900993,11
760.3128848,311.3710033,13878,11
818.1345829,347.1206489,138428,11
750.5904375,247.0467891,52300,11
768.162177,302.4613258,23356,11
853.6392639,323.4614262,45422,11
736.5762477,202.5641121,344791,11
881.8149233,288.0270953,10959,11
868.072035,313.1577381,5926,11
747.594099,330.8650557,35637,11
874.2995043,257.0929783,537656,11
745.9617557,279.3660704,44846,11
757.6252895,362.7611911,8861,11
879.8439909,318.2783206,24669,11
823.1869873,342.8863249,162878,11
869.9458502,298.459424,22591,11
890.53845,303.8268797,242803,11
874.8239091,277.658595,17454,11
709.1571096,277.4616318,76794,11
862.2564463,262.7821643,22565,11
858.772907,372.6603725,58098,11
731.3864608,319.0122073,15955,11
877.2184891,266.9333006,88737,11
699.3402221,207.0359153,76258,11
756.6161305,306.5668732,7355,11
845.2391844,285.2866092,43475,11
803.6146279,329.3116108,11155,11
704.8014095,271.3498634,139654,11
703.4464959,278.2603561,15242,11
714.077645,329.6195305,42173,11
879.0639069,350.8020364,10153,11
849.1312488,258.8839313,14034,11
734.9785201,224.2181385,28215,11
779.4876387,222.5644046,541781,11
688.6764596,225.0907206,111467,11
767.5815046,274.4229203,33225,11
738.000676,302.0050379,295803,11
780.8288416,353.6209987,238318,11
854.8004413,285.1988245,33153,11
883.0091152,292.7312002,36858,11
832.8721378,217.2073954,81642,11
776.4021975,287.8419288,96319,11
715.8055919,274.3787573,25740,11
812.4385535,191.5084064,134905,11
791.9505612,304.6523407,23796,11
785.1456667,276.1136825,29211,11
360.3803239,263.4663988,5441,12
300.8343692,306.5060381,2064,12
320.7282727,396.9636229,17866,12
362.4056609,381.7551538,4687,12
375.7907057,289.0219431,622263,12
368.7131157,393.5532307,2022,12
380.2812832,270.2688269,572003,12
364.6726012,286.8645602,23350,12
346.1508445,406.2226997,20494,12
263.1345258,239.7450673,23530,12
379.9509783,265.078785,441603,12
303.9457997,300.852813,7359,12
326.6552745,322.601387,12084,12
249.7022878,295.6858974,5172,12
316.0298753,307.8302629,699,12
368.7071928,340.8168274,13750,12
316.2720284,281.5710954,30952,12
332.5165035,340.9546268,40246,12
341.6962188,363.6119284,144170,12
209.4880238,302.8009496,138115,12
382.3227393,359.4502829,695,12
286.3547868,275.1083374,9225,12
355.1809797,280.4918985,16206,12
218.7096035,278.7919061,6629,12
344.3182741,277.135405,7310,12
371.0389866,266.847933,600158,12
356.1316376,323.7815958,3524,12
260.3966156,286.7635243,2778,12
311.6743509,318.6892173,51334,12
350.3660317,315.9104833,15445,12
274.5930108,306.3030136,14746,12
327.9298125,373.2569331,662561,12
245.0771384,274.5367248,20802,12
342.4589058,303.6531015,6108,12
324.2316977,380.5894045,76569,12
253.9466837,243.7415004,516560,12
186.28053,288.4524378,5345,12
363.8845238,367.3055614,29393,12
275.873171,242.5385519,18607,12
290.6398657,248.6124271,32588,12
334.1726444,275.746774,17148,12
336.0520256,246.5449908,23509,12
298.8408994,315.4258379,25535,12
194.3892748,248.0356915,10030,12
345.3370812,287.4547408,17809,12
341.5480892,383.9177285,16383,12
359.0851419,304.4634385,4255,12
308.0550129,291.9075496,41276,12
323.4547472,307.4486504,843,12
358.3924219,295.5940184,46824,12
363.7710635,258.3541515,294567,12
224.2043886,262.6169467,12503,12
238.1089303,282.6103322,1556,12
299.1522946,357.9835145,71492,12
381.9641202,249.5696907,252815,12
401.2439556,264.2318599,4814,12
301.5497066,335.2544582,130044,12
307.2882729,276.8626924,146723,12
393.7139384,286.7901673,5467,12
342.1061982,324.0596044,8256,12
215.882091,290.1085854,46163,12
369.4160308,276.9703098,285465,12
336.2956031,354.8690607,17950,12
315.5035108,240.3481144,13795,12
383.6866285,279.6915719,23086,12
357.6804897,267.3579626,9088,12
349.0720197,267.2179572,27994,12
317.4605511,263.9842657,56389,12
390.5416183,346.9976022,4549,12
252.1487935,260.1550434,27822,12
315.2332438,298.4314672,4436,12
301.0345253,373.3688002,27213,12
233.0980286,249.3895546,10246,12
239.3732808,307.7562499,7125,12
338.8182185,266.6430379,52197,12
229.1075463,230.9338627,58218,12
364.9652392,315.1741076,6711,12
260.653342,358.3646576,107449,12
350.5516801,339.6931655,32937,12
391.1768532,256.9370853,28159,12
330.3645888,288.6474081,15324,12
364.3014091,270.9032096,534543,12
347.4035017,242.5812375,1394,12
363.1053356,244.4127017,299630,12
315.1606311,255.1793775,6666,12
361.0358801,354.1555707,4881,12
325.5121668,354.9972093,131561,12
350.0332827,256.2915661,14843,12
294.3934185,231.448393,1059,12
270.9966157,256.8100881,21403,12
275.3842079,359.8803161,71518,12
266.1949941,270.839176,10976,12
339.2000204,314.4476746,11982,12
329.7326307,311.7828884,712,12
115.0003267,83.93664794,22346,13
212.7006299,30.33118638,10972,13
96.70886984,17.22745108,71404,13
169.0367217,80.49491681,58781,13
228.9107033,59.36860258,11413,13
202.7068277,64.76143648,9285,13
173.7333101,118.5663769,16134,13
76.25409635,125.7915691,107664,13
188.8815267,86.01677621,21623,13
94.4487538,102.9390748,116672,13
83.26572311,89.35187919,75403,13
86.75489698,82.52522241,99191,13
103.4214446,88.31859049,375992,13
178.2735427,80.93545001,4078,13
81.89207426,76.32311099,25250,13
193.0977598,52.81383612,471221,13
186.9688058,69.7817376,44776,13
125.2748602,39.14977304,1931243,13
98.02958841,146.1968337,66380,13
166.6672799,152.589402,31313,13
127.1467572,119.9959342,20978,13
227.0248583,70.977296,4223,13
147.3032599,94.26589455,11173,13
133.9366892,17.62386335,116901,13
117.1097129,47.2671922,795225,13
106.3671557,47.71387513,252264,13
139.8221951,51.78913869,40915,13
132.9496741,7.832294339,201140,13
243.7465891,76.46663109,109299,13
114.2210065,10.25509012,15769,13
92.22546234,76.25939578,529710,13
89.05723482,51.03996452,20920,13
114.4625229,122.7416952,157733,13
103.2937072,79.51941044,735334,13
80.29677817,98.55050584,85579,13
158.6829622,42.16092451,38431,13
117.8789128,105.910168,21720,13
74.4353384,93.00210045,46034,13
95.19505304,67.91630953,49351,13
161.215357,94.96471508,75889,13
134.6811041,65.94085905,243231,13
199.6018319,73.54995266,37244,13
54.85438932,158.0238758,28610,13
228.7269803,39.72204131,19687,13
135.9580553,108.5774574,1441,13
143.2993704,150.6285614,7422,13
164.8080466,71.93377805,78163,13
117.3508989,20.64624943,78506,13
213.697755,99.72855273,16267,13
92.53733622,38.24785277,72797,13
185.2781766,99.44519304,7008,13
103.1916254,35.84327312,60699,13
102.6934841,64.02842041,102410,13
100.2826091,24.92071674,29872,13
184.5551176,80.60029974,2266,13
136.9821645,92.04863899,1871,13
112.2133419,32.21185409,251133,13
129.8571152,90.36287491,1765,13
244.3503765,63.95864665,28746,13
129.5998572,27.06356013,713335,13
180.5026244,30.72018607,7551,13
92.03271829,58.33241368,3978,13
152.8118551,76.24070792,175177,13
120.9422357,93.72192377,25213,13
84.53478579,112.8926761,351715,13
119.070906,150.5997994,7895,13
160.0256084,54.26149794,89120,13
204.3191464,54.33847168,138494,13
78.41411934,147.6290272,203206,13
114.0385083,71.78475752,11066,13
131.1394919,79.28089945,20312,13
199.7056235,33.16111306,13001,13
151.8538788,118.4596838,7445,13
110.120857,56.6468328,75455,13
86.89256686,64.24532238,37039,13
172.0367819,103.056593,25748,13
190.3094077,34.12490181,43531,13
104.0004647,74.01825273,425363,13
61.15392223,125.5487838,63043,13
215.8566077,64.36702928,12765,13
55.65326614,139.6851436,22364,13
216.123577,80.80321616,8761,13
196.9628699,85.25912576,39265,13
64.03834296,145.1978237,82713,13
177.3360289,50.1453396,10570,13
201.1814482,87.51849006,3820,13
145.8291859,35.70430539,72453,13
208.9569097,40.18200087,40877,13
97.39930468,93.49888921,315335,13
170.5936989,63.20672698,18728,13
162.7638787,24.70601091,41120,13
178.1534922,324.1605863,1951168,14
184.1902925,383.8916426,20489,14
235.1229004,343.8455175,134421,14
216.8187468,367.7237296,211033,14
113.9977156,368.5034526,3010232,14
156.3979589,393.1611273,174528,14
198.7663041,336.6678329,200186,14
181.8143778,404.5436518,195751,14
146.4103896,374.2170796,2189636,14
129.2075529,387.0648882,3095308,14
105.3698545,359.050126,9818566,14
148.4024619,350.0610396,2035208,14
